Title,Year,Critic_score,Audience_score,Title_category,Rating,Runtime,URL,Poster_URL
Cop-Out,1967,NR,NR,Drama/Crime,NR,1h 35m,https://www.rottentomatoes.com/m/cop_out-1967,https://resizing.flixster.com/HOKDkfbwskhg7LCELnu2fBO855o=/206x305/v2/https://flxt.tmsimg.com/assets/p241_p_v13_ab.jpg
Coven of Sisters,2020,83,84,Drama,NR,1h 30m,https://www.rottentomatoes.com/m/coven_of_sisters,https://resizing.flixster.com/zhHs_fy9ekb7au5szOXPbS8w6B8=/206x305/v2/https://resizing.flixster.com/X3TqAVS4AxSm7CKBCgNsaoUcAGw=/ems.ZW1zLXByZC1hc3NldHMvbW92aWVzLzE5NzE2NjA0LWVlZmUtNDIwMi1iMjA1LWYyZWY5OTQxYTIyYy5qcGc=
Friends With Benefits,2011,68,65,Romance,R,1h 49m,https://www.rottentomatoes.com/m/friends_with_benefits,https://resizing.flixster.com/s8BnY0xP6GCJwyPvytvwHMwLjt0=/206x305/v2/https://flxt.tmsimg.com/assets/p8405003_p_v13_au.jpg
Insidious: The Last Key,2018,33,50,Horror/Mystery and thriller,PG-13,1h 43m,https://www.rottentomatoes.com/m/insidious_the_last_key,https://resizing.flixster.com/dI2Ao2aOyPNKmNIgc7oPxnMvzA0=/206x305/v2/https://resizing.flixster.com/aNyXI0yiddfY-IkUUUYPib6DOdo=/ems.ZW1zLXByZC1hc3NldHMvbW92aWVzL2NjMjY3MzAxLTRjMGQtNGY0OS05MjVlLWViYzYwM2FkNjE1MS53ZWJw
Irul,2021,0,NR,Mystery and thriller,NR,1h 31m,https://www.rottentomatoes.com/m/irul,https://resizing.flixster.com/0LeWXambtQWf7BHSDe3DxK3lEZE=/206x305/v2/https://resizing.flixster.com/mPyMerXyg7L9N2Yo0k2EddnRXFY=/ems.ZW1zLXByZC1hc3NldHMvbW92aWVzLzlhODkzZWQwLTUwMjEtNDdiZi1iZmQ5LTNhZTgxOTA5ODUwYy5qcGc=
Kingsglaive: Final Fantasy XV,2016,12,68,Animation/Action,PG-13,1h 50m,https://www.rottentomatoes.com/m/kingsglaive_final_fantasy_xv_2016,https://resizing.flixster.com/Rq7zJ-xzvWTsAfgipd1yNeNyBUM=/206x305/v2/https://resizing.flixster.com/GWaNMBW6LV6eEmGoW3EmWmX6woM=/ems.ZW1zLXByZC1hc3NldHMvbW92aWVzLzVhMWY2N2MyLTc2MDktNGYyZi1iYzhmLWY2MThmZDE4MTI1OS53ZWJw
Legally Blonde 3,2022,NR,NR,Comedy,NR,,https://www.rottentomatoes.com/m/legally_blonde_3,/assets/pizza-pie/images/poster_default.c8c896e70c3.gif
Leprechaun Returns,2018,50,43,Horror/Comedy,R,1h 32m,https://www.rottentomatoes.com/m/leprechaun_returns,https://resizing.flixster.com/sneULPWR9yVTy22MkVez7A3ZPZE=/206x305/v2/https://resizing.flixster.com/pFoxtoSc4ciR8SVPd10ZrmL-2A8=/ems.ZW1zLXByZC1hc3NldHMvbW92aWVzL2YwOTQ4ZmZkLTY0MDEtNDk0MS1iZmY5LTI0OTNhMGY4Zjg0Zi53ZWJw
Dwegons and Leprechauns,2014,NR,50,Kids and family/Animation,PG,1h 37m,https://www.rottentomatoes.com/m/dwegons_and_leprechauns,https://resizing.flixster.com/KWAOyDZZOO7cMhtNW5WU83PQwek=/206x305/v2/https://flxt.tmsimg.com/assets/p10984670_p_v10_ab.jpg
Tersanjung: The Movie,2021,NR,NR,Romance/Drama,NR,1h 54m,https://www.rottentomatoes.com/m/tersanjung_the_movie,https://resizing.flixster.com/7KTJmu-bogLFnMxbOi1a0ld6pH4=/206x305/v2/https://flxt.tmsimg.com/assets/p19695522_p_v13_aa.jpg
The Knight and the Princess,2019,NR,NR,Musical/Animation,NR,1h 37m,https://www.rottentomatoes.com/m/the_knight_and_the_princess,https://resizing.flixster.com/08ZqeHHhaY43UtXzalUkL5Xw_dg=/206x305/v2/https://flxt.tmsimg.com/assets/p19755510_p_v7_aa.jpg
The Time Traveler's Wife,2009,38,59,Sci fi/Drama,PG-13,1h 47m,https://www.rottentomatoes.com/m/time_travelers_wife,https://resizing.flixster.com/NUTdwaFs3FGcjNRQKc-a636rWYo=/206x305/v2/https://flxt.tmsimg.com/assets/p177102_p_v10_ad.jpg
The Possession of Hannah Grace,2018,18,27,Horror/Mystery and thriller,R,1h 25m,https://www.rottentomatoes.com/m/the_possession_of_hannah_grace,https://resizing.flixster.com/EkK0PTBvXEGpfeC7kDNAQ5cSFlU=/206x305/v2/https://resizing.flixster.com/X_Mgc1WW0spwAkeRvfywRlQKjQM=/ems.ZW1zLXByZC1hc3NldHMvbW92aWVzLzY2ZjJlZTcxLTM4MjItNGYzOC1iMmI0LTRkNDg0NDdjYjdmOC53ZWJw
The Possession Experiment,2016,20,9,Horror/Mystery and thriller,NR,1h 24m,https://www.rottentomatoes.com/m/the_possession_experiment,https://resizing.flixster.com/EFcOwVLRE57pMnI_JB-c13cTwa0=/206x305/v2/https://resizing.flixster.com/w5f1fsmv1m7BvXPGqETGxtyDNhw=/ems.ZW1zLXByZC1hc3NldHMvbW92aWVzL2RkYjAyYWU2LTM0ZGEtNGRmMC05MTNlLTk4N2RlZTljYTI3OC53ZWJw
Ava's Possessions,2015,69,41,Comedy/Horror,R,1h 29m,https://www.rottentomatoes.com/m/avas_possessions,https://resizing.flixster.com/hLOdPvDVX_qzGd6cAHfGGigQkKY=/206x305/v2/https://resizing.flixster.com/BKc2IxQXlbM0iXw0RUrOUVqEBIM=/ems.ZW1zLXByZC1hc3NldHMvbW92aWVzLzg0ZmM4ODM5LTA0OGMtNDgwYS04MjIyLWY4ZmY1YzcwNDljYy53ZWJw
The Possession of Michael King,2014,32,39,Horror,R,1h 23m,https://www.rottentomatoes.com/m/the_possession_of_michael_king,https://resizing.flixster.com/n-01w01YuDMQm0_HVXO5cyPgrjo=/206x305/v2/https://flxt.tmsimg.com/assets/p10704788_p_v8_aa.jpg
The Possession of Sophie Love,2013,NR,NR,Horror,NR,1h 10m,https://www.rottentomatoes.com/m/the_possession_of_sophie_love,/assets/pizza-pie/images/poster_default.c8c896e70c3.gif
The Possession in Japan,2013,NR,NR,Horror/Mystery and thriller,NR,1h 20m,https://www.rottentomatoes.com/m/the_possession_in_japan,https://resizing.flixster.com/N9U1m-pHz6erVWl-vzmOEln3Msk=/206x305/v2/https://flxt.tmsimg.com/assets/p9803842_p_v7_aa.jpg
The Possession,2012,39,48,Horror/Mystery and thriller,PG-13,1h 31m,https://www.rottentomatoes.com/m/the_possession,https://resizing.flixster.com/W1EUg39FrWevQ5advWyQTkk42Ww=/206x305/v2/https://flxt.tmsimg.com/assets/p8640390_p_v10_aa.jpg
The Possession of David O'Reilly,2010,NR,28,Horror,NR,1h 27m,https://www.rottentomatoes.com/m/the_possession_of_david_oreilly_2010,https://resizing.flixster.com/TSlzDQBH7RO9ufnXkNdV-ivJjPI=/206x305/v2/https://flxt.tmsimg.com/assets/p8089023_p_v8_ab.jpg
The Possession of Joel Delaney,1972,NR,36,Horror,R,1h 45m,https://www.rottentomatoes.com/m/possession_of_joel_delaney,https://resizing.flixster.com/UYDYKEUkxgImXVHV0uNe3F8bKxg=/206x305/v2/https://flxt.tmsimg.com/assets/p2096_p_v8_aa.jpg
Earthly Possessions,1999,NR,58,Drama,R,1h 45m,https://www.rottentomatoes.com/m/earthly_possessions,/assets/pizza-pie/images/poster_default.c8c896e70c3.gif
Possession,2008,NR,29,Mystery and thriller,PG-13,1h 26m,https://www.rottentomatoes.com/m/10009228-possession,https://resizing.flixster.com/W1WVIz6YM9tDxGHu-lUXg62YAnY=/206x305/v2/https://flxt.tmsimg.com/assets/p167780_p_v10_ab.jpg
This Night I'll Possess Your Corpse,1967,NR,68,Horror,NR,1h 47m,https://www.rottentomatoes.com/m/this-night-ill-posses-your-corpse-esta-noite-encarnarei-no-teu-cadaver,/assets/pizza-pie/images/poster_default.c8c896e70c3.gif
Possession,2002,64,58,Drama/Romance,PG-13,1h 42m,https://www.rottentomatoes.com/m/possession,https://resizing.flixster.com/UIvfmydArXuQMIGLyLHLrCBK7rE=/206x305/v2/https://flxt.tmsimg.com/assets/p29098_p_v10_aa.jpg
Witchboard: The Possession,1995,NR,13,Horror,R,1h 33m,https://www.rottentomatoes.com/m/witchboard_3_the_possession,/assets/pizza-pie/images/poster_default.c8c896e70c3.gif
Possessed,2000,NR,39,Mystery and thriller,TVMA,1h 50m,https://www.rottentomatoes.com/m/1102044-possessed,/assets/pizza-pie/images/poster_default.c8c896e70c3.gif
Possessed,1947,91,77,Mystery and thriller,NR,1h 48m,https://www.rottentomatoes.com/m/1035065-possessed,https://resizing.flixster.com/0G32R-DHX4xOJ5R_Cibe7RD6SpU=/206x305/v2/https://flxt.tmsimg.com/assets/p2683_p_v8_aa.jpg
Possession,1981,86,79,Drama/Horror,R,2h 7m,https://www.rottentomatoes.com/m/possession_1983,https://resizing.flixster.com/w6dObn79DQl3O0QXAJB9BVEqSUQ=/206x305/v2/https://flxt.tmsimg.com/assets/p28158_p_v8_aa.jpg
Amityville II: The Possession,1982,16,35,Horror,R,1h 44m,https://www.rottentomatoes.com/m/amityville_2_the_possession,https://resizing.flixster.com/kVCbHXG4D4tI7Qa0BuzaJr-Kegc=/206x305/v2/https://flxt.tmsimg.com/assets/p6139_p_v8_aa.jpg
The Pianist,1991,NR,33,Romance,NR,1h 53m,https://www.rottentomatoes.com/m/the_pianist,/assets/pizza-pie/images/poster_default.c8c896e70c3.gif
Shoot the Piano Player,1960,90,88,Drama/Comedy,NR,1h 25m,https://www.rottentomatoes.com/m/shoot_the_piano_player,https://resizing.flixster.com/p6RzNMP_6jpJrMsQqC_kymNe944=/206x305/v2/https://flxt.tmsimg.com/assets/p1796_p_v8_aa.jpg
The Piano Teacher,2001,73,81,Drama,R,1h 58m,https://www.rottentomatoes.com/m/piano_teacher,https://resizing.flixster.com/Rz-Qa9RqUekV55k437diSM-0B6I=/206x305/v2/https://flxt.tmsimg.com/assets/p28743_p_v10_ae.jpg
The Pianist,2002,95,96,War/Drama,R,2h 28m,https://www.rottentomatoes.com/m/pianist,https://resizing.flixster.com/8V1guqUFhDr1fWuCKTH-nMVDlPg=/206x305/v2/https://flxt.tmsimg.com/assets/p30193_p_v13_aj.jpg
My Fair Lady,1964,95,90,Musical,G,2h 50m,https://www.rottentomatoes.com/m/my_fair_lady,https://resizing.flixster.com/wXdvROfITQroSjfH6Ac97ZhvgLI=/206x305/v2/https://flxt.tmsimg.com/assets/p175_p_v10_ac.jpg
Leprechaun: Origins,2014,0,11,Horror,R,1h 30m,https://www.rottentomatoes.com/m/leprechaun_origins,https://resizing.flixster.com/lYjlqgHcL4ytuDv_IkIsFnuezFY=/206x305/v2/https://flxt.tmsimg.com/assets/p10929469_p_v10_ab.jpg
Leprechaun's Christmas Gold,1981,NR,47,,NR,,https://www.rottentomatoes.com/m/leprechauns_christmas_gold,/assets/pizza-pie/images/poster_default.c8c896e70c3.gif
Spellbreaker: Secret of the Leprechauns,1996,NR,50,Fantasy,G,1h 25m,https://www.rottentomatoes.com/m/spellbreaker_secret_of_the_leprechauns,/assets/pizza-pie/images/poster_default.c8c896e70c3.gif
Leapin' Leprechauns!,1995,NR,44,Fantasy,PG,1h 24m,https://www.rottentomatoes.com/m/leapin_leprechauns,/assets/pizza-pie/images/poster_default.c8c896e70c3.gif
The Last Leprechaun,1998,NR,43,Drama/Fantasy,NR,1h 36m,https://www.rottentomatoes.com/m/the_last_leprechaun_2001,https://resizing.flixster.com/s2PQ0bui67wc5hPa7dDMHZFVK_4=/206x305/v2/https://flxt.tmsimg.com/assets/p26265_p_v13_ab.jpg
A Very Unlucky Leprechaun,1998,NR,36,Fantasy,PG,1h 32m,https://www.rottentomatoes.com/m/very_unlucky_leprechaun,/assets/pizza-pie/images/poster_default.c8c896e70c3.gif
The Magical Legend of the Leprechauns,1999,NR,80,,NR,,https://www.rottentomatoes.com/m/magical_legend_of_the_leprechauns,/assets/pizza-pie/images/poster_default.c8c896e70c3.gif
Leprechaun 4 in Space,1996,17,21,Horror,R,1h 38m,https://www.rottentomatoes.com/m/leprechaun_4_in_space,https://resizing.flixster.com/V2e7-9JhyXmsMwjMzSnYys7o9jI=/206x305/v2/https://flxt.tmsimg.com/assets/p18924_p_v10_aa.jpg
Leprechaun 2,1994,6,29,Horror,R,1h 25m,https://www.rottentomatoes.com/m/leprechaun_2,https://resizing.flixster.com/_UMeO9guFXzlQ6Rb8DP7bG6kr-I=/206x305/v2/https://flxt.tmsimg.com/assets/p15624_p_v8_aa.jpg
Leprechaun in the Hood,2000,33,32,Horror,R,1h 31m,https://www.rottentomatoes.com/m/leprechaun-in-the-hood,/assets/pizza-pie/images/poster_default.c8c896e70c3.gif
Leprechaun 3,1995,NR,34,Horror,R,1h 33m,https://www.rottentomatoes.com/m/leprechaun_3,https://resizing.flixster.com/kR-cyMwldi4WUmdo_JVIdKt9PRM=/206x305/v2/https://flxt.tmsimg.com/assets/p16792_p_v10_aa.jpg
Leprechaun,1993,27,32,Comedy/Horror,R,1h 32m,https://www.rottentomatoes.com/m/leprechaun,https://resizing.flixster.com/KqaY0LykC1s2MfV6FXz0Fq4SFGk=/206x305/v2/https://flxt.tmsimg.com/assets/p14513_p_v10_ac.jpg
Leprechaun: Back 2 tha Hood,2003,20,30,Horror,R,1h 27m,https://www.rottentomatoes.com/m/leprechaun_back_2_tha_hood,/assets/pizza-pie/images/poster_default.c8c896e70c3.gif
Legally Blondes,2009,NR,37,Comedy,PG,1h 26m,https://www.rottentomatoes.com/m/legally_blondes,https://resizing.flixster.com/aB4HjRqEI4_nUf0dj1ez0-T0x-I=/206x305/v2/https://flxt.tmsimg.com/assets/p3511975_p_v10_ag.jpg
"Legally Blonde 2: Red, White & Blonde",2003,37,43,Comedy,PG-13,1h 34m,https://www.rottentomatoes.com/m/legally_blonde_2_red_white_and_blonde,https://resizing.flixster.com/zMCc_koxK1fMrWhZIAGcCX8QnNc=/206x305/v2/https://flxt.tmsimg.com/assets/p32086_p_v13_am.jpg
Legally Blonde,2001,70,72,Comedy,PG-13,1h 36m,https://www.rottentomatoes.com/m/legally_blonde,https://resizing.flixster.com/DQ-oaZncBnfzjjc6Zp0j83VbbmU=/206x305/v2/https://flxt.tmsimg.com/assets/p28004_p_v10_am.jpg
Insidious: Chapter 3,2015,57,51,Horror/Mystery and thriller,PG-13,1h 37m,https://www.rottentomatoes.com/m/insidious_chapter_3_2015,https://resizing.flixster.com/A2ETgy03yeHaIjSfoxqJAmIG5x4=/206x305/v2/https://flxt.tmsimg.com/assets/p11421864_p_v10_aa.jpg
Insidious: Chapter 2,2013,39,57,Horror/Mystery and thriller,PG-13,1h 45m,https://www.rottentomatoes.com/m/insidious_chapter_2,https://resizing.flixster.com/PMibR5FnphyNbSUJ-mSeQrA021w=/206x305/v2/https://flxt.tmsimg.com/assets/p9771108_p_v10_bc.jpg
Insidious,2010,66,62,Horror/Mystery and thriller,PG-13,1h 41m,https://www.rottentomatoes.com/m/insidious,https://resizing.flixster.com/1cIk04vHh_2WU6fUeHMpilqD_vk=/206x305/v2/https://flxt.tmsimg.com/assets/p8494407_p_v10_ak.jpg
Insidious,2008,NR,45,Drama,NR,1h 36m,https://www.rottentomatoes.com/m/insidious_the_movie_2008,https://resizing.flixster.com/y-7WyZgvksZp1u1oigGM9wwzc2g=/206x305/v2/https://flxt.tmsimg.com/assets/p181783_p_v7_aa.jpg
Cop-Out,1991,NR,NR,Drama/Crime,NR,1h 42m,https://www.rottentomatoes.com/m/cop_out-1991,https://resizing.flixster.com/4tBO3DoB98t0DjUbdDTmZ5b96ao=/206x305/v2/https://flxt.tmsimg.com/assets/p71631_p_v7_aa.jpg
Cop Out,2010,19,39,Comedy/Drama,R,1h 43m,https://www.rottentomatoes.com/m/cop_out,https://resizing.flixster.com/w_9MB9cgL0iS5zqa6BAmLLupRy4=/206x305/v2/https://flxt.tmsimg.com/assets/p7820966_p_v10_aq.jpg
2012: The End,2010,NR,NR,Documentary/Sci fi,NR,51m,https://www.rottentomatoes.com/m/2012_the_end,/assets/pizza-pie/images/poster_default.c8c896e70c3.gif
2012 Oscar Shorts: Live Action & Animated,2012,100,NR,,NR,,https://www.rottentomatoes.com/m/2012_oscar_shorts_live_action_and_animated,/assets/pizza-pie/images/poster_default.c8c896e70c3.gif
2012: Ice Age,2011,NR,15,Action/Mystery and thriller,PG,1h 30m,https://www.rottentomatoes.com/m/2012_ice_age,https://resizing.flixster.com/JOVGpbYCvxWyfGA2lVZ0sVSDoOs=/206x305/v2/https://flxt.tmsimg.com/assets/p8619404_p_v10_aa.jpg
2012: Time for Change,2010,NR,74,Documentary/Animation,NR,1h 25m,https://www.rottentomatoes.com/m/2012_time_for_change,https://resizing.flixster.com/VYzB3v1LH9a-j5RmsmM_3sgy9bw=/206x305/v2/https://flxt.tmsimg.com/assets/p8046248_p_v13_aa.jpg
2012: Mayan Prophecy and the Shift of the Ages,2009,NR,60,Documentary,NR,1h 17m,https://www.rottentomatoes.com/m/2012_odyssey_of_time_mayan_prophecy_and_the_shift_of_the_ages,/assets/pizza-pie/images/poster_default.c8c896e70c3.gif
2012: Supernova,2009,NR,9,Sci fi/Action,NR,1h 30m,https://www.rottentomatoes.com/m/supernova,https://resizing.flixster.com/eNkjmn9gfzw3m7346pSDm1bLpzY=/206x305/v2/https://flxt.tmsimg.com/assets/p7886687_p_v13_aa.jpg
2012: An Awakening,2009,NR,67,Documentary/Mystery and thriller,NR,1h 15m,https://www.rottentomatoes.com/m/2012_an_awakening,/assets/pizza-pie/images/poster_default.c8c896e70c3.gif
Seeking Closure,2010,NR,43,Sci fi,NR,1h 30m,https://www.rottentomatoes.com/m/seeking-closure,/assets/pizza-pie/images/poster_default.c8c896e70c3.gif
2012,2009,39,47,Action/Drama,PG-13,2h 38m,https://www.rottentomatoes.com/m/2012,https://resizing.flixster.com/5bktwCwQvnb_7EM30qymgYcrUi0=/206x305/v2/https://flxt.tmsimg.com/assets/p193479_p_v10_aa.jpg
2012: The Odyssey,2007,NR,57,Documentary,NR,1h 39m,https://www.rottentomatoes.com/m/2012-the-odyssey,/assets/pizza-pie/images/poster_default.c8c896e70c3.gif
2012: Doomsday,2008,NR,12,Action/Adventure,PG-13,1h 25m,https://www.rottentomatoes.com/m/2012_doomsday,https://resizing.flixster.com/iGTpSS-v2pWs6k4Xg9NUGVXb0to=/206x305/v2/https://flxt.tmsimg.com/assets/p8049661_p_v10_af.jpg
Black Magic for White Boys,2017,80,NR,Comedy,NR,1h 45m,https://www.rottentomatoes.com/m/black_magic_for_white_boys,https://resizing.flixster.com/Cg3k1xvWdm3FkF4He3GvEgwJSRI=/206x305/v2/https://resizing.flixster.com/O74JPoPdXgUT1FtFF9bjJMQOKXU=/ems.ZW1zLXByZC1hc3NldHMvbW92aWVzLzg1MjBhNzQzLTgxNjMtNDk4NS1hMDU4LThmNjhlNWY0M2I3MC53ZWJw
Air Strike,2018,0,12,War/Drama,R,1h 37m,https://www.rottentomatoes.com/m/air_strike_2018,https://resizing.flixster.com/wkZZI0VWo--LvF_UALzmqIrvQEk=/206x305/v2/https://resizing.flixster.com/z30hrvWl_x9frr0hpTAfKGrCBgw=/ems.ZW1zLXByZC1hc3NldHMvbW92aWVzLzA3ZmU4MTliLTg5OWQtNDZlZS04YTE0LWY4NDc0NTI3MWRiYi53ZWJw
Concrete Cowboy,2020,81,71,Drama,R,1h 51m,https://www.rottentomatoes.com/m/concrete_cowboy,https://resizing.flixster.com/ZAf-lqmEjK9_Bhgw0KwqcM1hbA0=/206x305/v2/https://resizing.flixster.com/NTlW99SDunKX9ldUzxtKJYQfkKs=/ems.ZW1zLXByZC1hc3NldHMvbW92aWVzLzk2OTZkNDk1LWY1ODYtNGQ2MS05MWRhLWY2NGNkMGY4NjE4Zi5qcGc=
Streams in the Desert: Discovering God's Call,2015,NR,NR,Western/Drama,NR,1h 13m,https://www.rottentomatoes.com/m/streams_in_the_desert_discovering_gods_call,https://resizing.flixster.com/Hs4DQFmYr-tN9ZYfYpk0y2QIqy8=/206x305/v2/https://flxt.tmsimg.com/assets/p13480339_p_v10_aa.jpg
Just Say Yes,2021,NR,23,Romance/Comedy,NR,1h 37m,https://www.rottentomatoes.com/m/just_say_yes,https://resizing.flixster.com/eSrziJCxOYgbl1El3F3oB_fi-Lo=/206x305/v2/https://flxt.tmsimg.com/assets/p19598988_p_v8_ad.jpg
Madame Claude,2021,NR,28,Biography/Drama,NR,1h 52m,https://www.rottentomatoes.com/m/madame_claude_2021,https://resizing.flixster.com/kJMhIV9-fUZbZgyFdECtrgZg1ug=/206x305/v2/https://resizing.flixster.com/XjbF5NsumRbjP6E4oenl6TW8U-I=/ems.ZW1zLXByZC1hc3NldHMvbW92aWVzLzQxNjk0YmJhLTI1ZjMtNDRmZi1iNjI4LWY1NTRlYzk1N2I5NC5qcGc=
Sky High,2020,NR,46,Mystery and thriller/Crime,NR,2h 1m,https://www.rottentomatoes.com/m/sky_high_2021,https://resizing.flixster.com/VvMloQjE95XDu9-MhMkjwnoVSJU=/206x305/v2/https://resizing.flixster.com/sYMfRTcAbdjPcBPg4dNNR4y9FJc=/ems.ZW1zLXByZC1hc3NldHMvbW92aWVzLzRhYTFjOTA4LWVmYzAtNGZhOC1hZGJlLWVkOWJmNDBhMTg4My5qcGc=
Escape From Planet Earth,2013,35,54,Comedy/Animation,PG,1h 29m,https://www.rottentomatoes.com/m/escape_from_planet_earth_2013,https://resizing.flixster.com/lhnKLzAkgrzUWCWHCQhnQTvzo0U=/206x305/v2/https://flxt.tmsimg.com/assets/p9416734_p_v10_af.jpg
What Lies Below,2020,53,26,Mystery and thriller,NR,1h 27m,https://www.rottentomatoes.com/m/what_lies_below_2020,https://resizing.flixster.com/4q-4lhyQBTYR_ml0NmBLEY9mM-8=/206x305/v2/https://resizing.flixster.com/Z9BazPXIQNCHWliVXNzO0ccTKFc=/ems.ZW1zLXByZC1hc3NldHMvbW92aWVzLzY3NWIxNDNiLTkxZTgtNDZmYS05MjU0LWI3MDA3ZWZkMjNlZi5qcGc=
Coded Bias,2020,100,44,Documentary,NR,1h 30m,https://www.rottentomatoes.com/m/coded_bias,https://resizing.flixster.com/gHVSJYxn07ig4B714jdT6nysPhI=/206x305/v2/https://resizing.flixster.com/C9XqWsmPVpmm_21gz_izYHwFf1A=/ems.ZW1zLXByZC1hc3NldHMvbW92aWVzL2I2MzA3MjE0LWFlN2EtNGE4ZC1hODEwLTM3ZjFkNjRlNDIxYi53ZWJw
What Lies Below,2016,NR,NR,Documentary,NR,,https://www.rottentomatoes.com/m/what_lies_below,https://resizing.flixster.com/R6j4zZkT85p8Em3IQFwt-51_Vw8=/206x305/v2/https://resizing.flixster.com/9GOd-YnYllXUbLwhScjSIDl8Ufc=/ems.ZW1zLXByZC1hc3NldHMvbW92aWVzLzVjMDIxNjE3LWY0OWEtNGM1ZS1hYmM2LTA5NDBhODgxOGY5MC53ZWJw
Escape from Planet Earth,1967,NR,5,,NR,,https://www.rottentomatoes.com/m/doomsday-machine,/assets/pizza-pie/images/poster_default.c8c896e70c3.gif
Have You Ever Seen Fireflies?,2021,NR,83,Comedy,NR,1h 53m,https://www.rottentomatoes.com/m/have_you_ever_seen_fireflies,https://resizing.flixster.com/N6SWpmFJJg5InPIWiIrufCAorsg=/206x305/v2/https://resizing.flixster.com/SHWJUXuSrUs3d4BatV5_DrswWz8=/ems.ZW1zLXByZC1hc3NldHMvbW92aWVzL2ZlNTcwYzRhLWZjY2QtNDliOS1hNDhiLTIyN2UyY2NjYWUzZi5qcGc=
Night in Paradise,2020,67,70,Drama/Crime,NR,2h 11m,https://www.rottentomatoes.com/m/night_in_paradise,https://resizing.flixster.com/g33pwfssE3MhnY4J6ZxAJcp6aDY=/206x305/v2/https://flxt.tmsimg.com/assets/p19532619_p_v13_ab.jpg
Bob the Builder: Building Sky High!,2016,NR,NR,Kids and family/Adventure,NR,1h 13m,https://www.rottentomatoes.com/m/bob_the_builder_building_sky_high,https://resizing.flixster.com/UFsO1DEgAdBydn7OIt0g5OhZRas=/206x305/v2/https://flxt.tmsimg.com/assets/p12556301_p_v10_aa.jpg
Sky High,2012,NR,NR,Adventure/Drama,NR,1h 5m,https://www.rottentomatoes.com/m/sky_high_2013,https://resizing.flixster.com/TxqoS_BzDJB4w1fIdXLjoSgqz-I=/206x305/v2/https://flxt.tmsimg.com/assets/p9869386_p_v8_aa.jpg
As High as the Sky,2013,NR,86,Comedy/Drama,NR,1h 30m,https://www.rottentomatoes.com/m/as_high_as_the_sky,https://resizing.flixster.com/rfse7Xu81BnqJjsDt8UjlPTtjjo=/206x305/v2/https://flxt.tmsimg.com/assets/p9902575_p_v13_aa.jpg
Jay Jay the Jet Plane - Soaring Sky High,2001,NR,NR,,NR,,https://www.rottentomatoes.com/m/jay_jay_the_jet_plane_soaring_sky_high,/assets/pizza-pie/images/poster_default.c8c896e70c3.gif
Blown Sky High,1985,NR,NR,Adventure,NR,1h 40m,https://www.rottentomatoes.com/m/blown_sky_high_1984,/assets/pizza-pie/images/poster_default.c8c896e70c3.gif
Sky High,1922,NR,56,Western,NR,1h 12m,https://www.rottentomatoes.com/m/sky_high,https://resizing.flixster.com/WxeZ8kTyMu42X3mBBocu2Xa6qNg=/206x305/v2/https://flxt.tmsimg.com/assets/p69867_p_v10_aa.jpg
No Highway in the Sky,1951,NR,66,Drama,NR,1h 38m,https://www.rottentomatoes.com/m/no_highway_in_the_sky,https://resizing.flixster.com/-vHGIkey3qqYyzj8rf_tuV9Jtds=/206x305/v2/https://flxt.tmsimg.com/assets/p6750_p_v8_aa.jpg
Sky High,2003,NR,62,Mystery and thriller/Fantasy,NR,2h 2m,https://www.rottentomatoes.com/m/sky-high-2003,/assets/pizza-pie/images/poster_default.c8c896e70c3.gif
Sky High,2005,73,57,Comedy/Adventure,PG,1h 40m,https://www.rottentomatoes.com/m/1142872-sky_high,https://resizing.flixster.com/rNV1v2KAHL-Q3-w191dJjwWHiFw=/206x305/v2/https://flxt.tmsimg.com/assets/p36158_p_v8_ai.jpg
A Man Called God,2013,NR,NR,Documentary/Biography,NR,1h 47m,https://www.rottentomatoes.com/m/a_man_called_god,/assets/pizza-pie/images/poster_default.c8c896e70c3.gif
The Concrete Cowboys,1979,NR,36,Adventure,NR,1h 37m,https://www.rottentomatoes.com/m/the_concrete_cowboys,https://resizing.flixster.com/hZmOvFWZBfaYVxQj8O9AUkawOgw=/206x305/v2/https://flxt.tmsimg.com/assets/p4832_p_v8_aa.jpg
Air Strike,2004,NR,NR,Action,R,1h 30m,https://www.rottentomatoes.com/m/air-strike,https://resizing.flixster.com/AkKvrMR5efc8KM7TQx5xxzZyd-4=/206x305/v2/https://flxt.tmsimg.com/assets/p33796_p_v8_aa.jpg
Il portaborse,1991,NR,64,Comedy/Drama,NR,1h 30m,https://www.rottentomatoes.com/m/il-portaborse,https://resizing.flixster.com/zn-wyGorPtSQpzVUOTOyrRfpAJg=/206x305/v2/https://flxt.tmsimg.com/assets/p13191470_p_v8_aa.jpg
Yes Man,2008,46,66,Comedy,PG-13,1h 44m,https://www.rottentomatoes.com/m/yes_man,https://resizing.flixster.com/RPTal525CP75TIZlmCDQgfyTJuc=/206x305/v2/https://flxt.tmsimg.com/assets/p176708_p_v10_ai.jpg
Twice Upon a Yesterday,1998,29,53,Comedy/Drama,R,1h 35m,https://www.rottentomatoes.com/m/the_man_with_rain_in_his_shoes_1998,/assets/pizza-pie/images/poster_default.c8c896e70c3.gif
White Boy,2017,NR,80,Documentary/Drama,NR,1h 22m,https://www.rottentomatoes.com/m/white_boy_2017,https://resizing.flixster.com/MPVItR7XUhLsXNyvEq8wlOFpGYU=/206x305/v2/https://resizing.flixster.com/Bh_4Rlh8IYNKJxWboAzKotm1wSQ=/ems.ZW1zLXByZC1hc3NldHMvbW92aWVzL2NlNTEzYzUwLWQ3NTktNDU3My04YTMxLTdjNmViYTZmNDcxNy53ZWJw
White Boy Rick,2018,57,50,Biography/Drama,R,1h 51m,https://www.rottentomatoes.com/m/white_boy_rick,https://resizing.flixster.com/eu1M-NeNDfJhiJgzflDgV9POLM0=/206x305/v2/https://resizing.flixster.com/sWNaZtwjxc4omlDrQecxzVdiuDI=/ems.ZW1zLXByZC1hc3NldHMvbW92aWVzLzVmYmJmYTA0LWYwYzAtNDhmMy1hMDcyLTIxZjlkNjgxYzZiOC53ZWJw
White Black Boy,2012,NR,NR,Documentary,NR,,https://www.rottentomatoes.com/m/sort_hvid_dreng,/assets/pizza-pie/images/poster_default.c8c896e70c3.gif
White Boy,2002,NR,17,Drama/Crime,R,1h 33m,https://www.rottentomatoes.com/m/white_boy,/assets/pizza-pie/images/poster_default.c8c896e70c3.gif
Thunder Force,2021,22,22,Adventure/Comedy,PG-13,1h 47m,https://www.rottentomatoes.com/m/thunder_force,https://resizing.flixster.com/xyUi8l6oi8InL8aV7vCqlEJQmv4=/206x305/v2/https://resizing.flixster.com/gGuY6G6QZ0VKiUE6FyULpU5VPtw=/ems.ZW1zLXByZC1hc3NldHMvbW92aWVzL2Y2MGFmNThkLTJhZmYtNDg1MC04MWQ3LTI3ZDA3OWFlMGM0Ni5qcGc=
Two Distant Strangers,2020,92,67,Drama,NR,29m,https://www.rottentomatoes.com/m/two_distant_strangers,https://resizing.flixster.com/yJXxvtdzAeTlXoddNCRDv_I7gvo=/206x305/v2/https://flxt.tmsimg.com/assets/p19666106_p_v10_aa.jpg
The Stand In,2020,30,20,Romance,R,1h 41m,https://www.rottentomatoes.com/m/the_stand_in_2020,https://resizing.flixster.com/VVJyeMDtH5xebIdpnACiW6-4OR8=/206x305/v2/https://resizing.flixster.com/yGH4Gpb2bpe_RRZXPg8DRBpSuS8=/ems.ZW1zLXByZC1hc3NldHMvbW92aWVzL2Q5MGRhZjE3LTBkMGYtNDY1MC05MmU1LTgwMjY2YjA1N2RmOS5qcGc=
New Gods: Nezha Reborn,2021,NR,74,Animation/Fantasy,NR,1h 56m,https://www.rottentomatoes.com/m/new_gods_nezha_reborn,https://resizing.flixster.com/xGkRLSM1_EvGMJd5xTeaDU1TlSg=/206x305/v2/https://flxt.tmsimg.com/assets/p19674941_p_v8_aa.jpg
Ghost in the Shell Arise: Border 4 -- Ghost Stands Alone,2014,NR,61,Sci fi/Action,NR,58m,https://www.rottentomatoes.com/m/ghost_in_the_shell_arise_border_4_ghost_stands_alone,https://resizing.flixster.com/-3TVbnP9GMqwI715zorRZoHxCsM=/206x305/v2/https://flxt.tmsimg.com/assets/p11137605_p_v13_ab.jpg
Uppercase Print,2020,67,NR,Drama,NR,2h 8m,https://www.rottentomatoes.com/m/uppercase_print,/assets/pizza-pie/images/poster_default.c8c896e70c3.gif
The Soul,2021,NR,77,Sci fi/Crime,NR,2h 5m,https://www.rottentomatoes.com/m/the_soul,https://resizing.flixster.com/uGCtbnzo1CTGpgOQ8_RarHU5e6Y=/206x305/v2/https://resizing.flixster.com/dVA_MTqhOE5IUTm91yte0Gb9hhM=/ems.ZW1zLXByZC1hc3NldHMvbW92aWVzLzM0ZTNhZGEwLTc0MmItNGI2Yi05ZWE0LTgxODI3ZDZiZWJjMS5qcGc=
Why Did You Kill Me?,2021,70,32,Crime/Documentary,NR,1h 23m,https://www.rottentomatoes.com/m/why_did_you_kill_me,https://resizing.flixster.com/ysKrZIBfanb5yubQ2U0VZOrim6Q=/206x305/v2/https://resizing.flixster.com/cC5AEjN2SB1tqevS8wHi1Sc5Mac=/ems.ZW1zLXByZC1hc3NldHMvbW92aWVzLzE2MTg1OTkzLWNiZWQtNDkyOS04OGE5LTFjMGJhYzg1MDFiNy5qcGc=
Dark City Beneath the Beat,2020,100,83,Documentary,NR,,https://www.rottentomatoes.com/m/dark_city_beneath_the_beat,https://resizing.flixster.com/Gz9tG3hi4C3BY52ffZeYq3--I14=/206x305/v2/https://resizing.flixster.com/L-5NaO7OV2FcYT_9_NxtiXmEM8s=/ems.ZW1zLXByZC1hc3NldHMvbW92aWVzLzRiYjA5YzE2LWIxNmYtNGQyNy1iZjUwLWRhOTI5MTdlNTI2Zi5qcGc=
Ride or Die,2021,71,66,Mystery and thriller/Romance,NR,2h 22m,https://www.rottentomatoes.com/m/ride_or_die,https://resizing.flixster.com/6Gg200mEugufjrkNUK1xSLbGUls=/206x305/v2/https://resizing.flixster.com/BWjcfGtbdCWRy7VnJoM09nqL0PQ=/ems.ZW1zLXByZC1hc3NldHMvbW92aWVzLzU3MzU1MGM4LTUxNjgtNDJlYS1iZTVhLWVjYzRhYjYyMjEzOC5qcGc=
The Yin-Yang Master: Dream of Eternity,2021,29,85,Action/Adventure,NR,2h 12m,https://www.rottentomatoes.com/m/the_yin_yang_master_dream_of_eternity,https://resizing.flixster.com/JMSLM2DtxtWJi3uqQU51OoDLcXA=/206x305/v2/https://resizing.flixster.com/x4cRWNFTxdtTbbvN10kfOGu5xfY=/ems.ZW1zLXByZC1hc3NldHMvbW92aWVzL2IyNjdkZWQ1LTMzOWItNGIyNS04ZmY2LWUyOGZhM2JlMzEyNC5qcGc=
Ajeeb Daastaans,2021,100,50,Romance/Drama,NR,2h 22m,https://www.rottentomatoes.com/m/ajeeb_daastaans,https://resizing.flixster.com/rOvIidfWZWXSyIQvMfERu1d7v84=/206x305/v2/https://resizing.flixster.com/lDCguLBueOTrk-gh2BTcTlZpras=/ems.ZW1zLXByZC1hc3NldHMvbW92aWVzL2QzYjZlMWNhLTQ2YzktNDRhNC04MDUzLWYxMjA1YjZkZDk4MC5qcGc=
Arlo the Alligator Boy,2021,82,85,Comedy/Animation,NR,1h 30m,https://www.rottentomatoes.com/m/arlo_the_alligator_boy,https://resizing.flixster.com/3S8l18PT0oXX_O0l8nVaC1Egrm4=/206x305/v2/https://flxt.tmsimg.com/assets/p19677863_p_v13_aa.jpg
Barbie in Princess Power,2015,NR,68,Kids and family/Adventure,NR,1h 14m,https://www.rottentomatoes.com/m/barbie_in_princess_power_2015,https://resizing.flixster.com/1IOaCROBiajy1FSjI6ZVezCCqq8=/206x305/v2/https://flxt.tmsimg.com/assets/p11483370_p_v10_ae.jpg
Barbie and the Secret Door,2014,NR,78,Kids and family/Adventure,NR,1h 21m,https://www.rottentomatoes.com/m/barbie_and_the_secret_door,https://resizing.flixster.com/FatPDsArw2qtbo3tcAIHzbDX1zo=/206x305/v2/https://flxt.tmsimg.com/assets/p10963026_p_v10_af.jpg
Barbie & Her Sisters in a Pony Tale,2013,NR,79,Kids and family/Animation,NR,1h 15m,https://www.rottentomatoes.com/m/barbie_and_her_sisters_in_a_pony_tale_2013,https://resizing.flixster.com/S6lZryUQnzenRpnVxKFkbqQt_Uw=/206x305/v2/https://flxt.tmsimg.com/assets/p10214058_p_v10_af.jpg
Barbie Mariposa & the Fairy Princess,2013,NR,82,Kids and family/Animation,NR,1h 20m,https://www.rottentomatoes.com/m/barbie_mariposa_and_the_fairy_princess_2013,https://resizing.flixster.com/7B115iG3sJaFvAVo8oAq0aGlZbI=/206x305/v2/https://flxt.tmsimg.com/assets/p10123303_p_v13_ac.jpg
Barbie in the Pink Shoes,2013,NR,67,Animation/Fantasy,NR,1h 15m,https://www.rottentomatoes.com/m/barbie_in_the_pink_shoes,https://resizing.flixster.com/3i0NDO4CLI1ApC_T6HzS1-I3NbM=/206x305/v2/https://flxt.tmsimg.com/assets/p9737472_p_v10_aa.jpg
Barbie in a Mermaid Tale 2,2012,NR,78,Kids and family/Adventure,NR,1h 14m,https://www.rottentomatoes.com/m/barbie_in_a_mermaid_tale_2_2012,https://resizing.flixster.com/XgJvkV_zEZuGoXUpQ3vrluYbLZQ=/206x305/v2/https://flxt.tmsimg.com/assets/p9054180_p_v10_ar.jpg
Barbie Mariposa,2008,NR,72,Kids and family/Animation,NR,1h 15m,https://www.rottentomatoes.com/m/barbie_mariposa_and_her_butterfly_fairy_friends,/assets/pizza-pie/images/poster_default.c8c896e70c3.gif
Barbie and the Three Musketeers,2009,NR,64,Kids and family/Adventure,NR,1h 21m,https://www.rottentomatoes.com/m/barbie-and-the-three-musketeers,https://resizing.flixster.com/gU5nMczjs-m3P7BpM5yMrcWtBfo=/206x305/v2/https://flxt.tmsimg.com/assets/p7833809_p_v10_ae.jpg
Barbie in A Christmas Carol,2008,NR,67,Kids and family/Animation,NR,1h 16m,https://www.rottentomatoes.com/m/barbie_in_a_christmas_carol,https://resizing.flixster.com/WwFvGNT7ukwzC98rFuDccRBbzS0=/206x305/v2/https://flxt.tmsimg.com/assets/p191219_p_v10_ae.jpg
Barbie and the Diamond Castle,2008,NR,76,Animation/Adventure,NR,1h 18m,https://www.rottentomatoes.com/m/barbie_and_the_diamond_castle,https://resizing.flixster.com/ImhQ9DP6n9jHZUELM7UA8BnYmrE=/206x305/v2/https://flxt.tmsimg.com/assets/p188896_p_v10_ab.jpg
Barbie as the Island Princess,2007,NR,73,Animation/Adventure,NR,1h 26m,https://www.rottentomatoes.com/m/barbie-as-the-island-princess,https://resizing.flixster.com/-lohLb-GV0t3eY5SZvbyiCoEeog=/206x305/v2/https://flxt.tmsimg.com/assets/p173268_p_v10_ag.jpg
The Barbie Diaries,2006,NR,72,Kids and family/Adventure,NR,1h 10m,https://www.rottentomatoes.com/m/barbie-diaries,https://resizing.flixster.com/nC87S-APan8Bhu7IKk56JfRi1dQ=/206x305/v2/https://flxt.tmsimg.com/assets/p161912_p_v10_ab.jpg
Barbie: Mermaidia,2006,NR,69,Kids and family/Animation,NR,1h 25m,https://www.rottentomatoes.com/m/barbie-mermaidia,https://resizing.flixster.com/AJ1UcSQSC9_zPo28R7Z1nXkRnb0=/206x305/v2/https://flxt.tmsimg.com/assets/p161772_p_v8_aa.jpg
Barbie in the Nutcracker,2001,20,59,Kids and family/Animation,NR,1h 16m,https://www.rottentomatoes.com/m/barbie-in-the-nutcracker,https://resizing.flixster.com/D_8jzlf0WbUbUDSvZxgsxt2Q5Cs=/206x305/v2/https://flxt.tmsimg.com/assets/p8554197_p_v10_ad.jpg
Barbie as the Princess and the Pauper,2004,NR,75,Kids and family/Fantasy,NR,1h 25m,https://www.rottentomatoes.com/m/barbie_as_the_princess_and_the_pauper,https://resizing.flixster.com/DDpEYvfzENOgwmnTJucGmoEJ4Gk=/206x305/v2/https://flxt.tmsimg.com/assets/p153706_p_v10_at.jpg
Barbie and the Magic of Pegasus,2005,NR,68,Adventure/Animation,NR,1h 23m,https://www.rottentomatoes.com/m/barbie_and_the_magic_of_pegasus,https://resizing.flixster.com/JT9c9an73_ehexG7DWVHlLXcBAU=/206x305/v2/https://flxt.tmsimg.com/assets/p172679_p_v10_ap.jpg
Barbie Rapunzel,2002,NR,66,Kids and family/Animation,G,1h 18m,https://www.rottentomatoes.com/m/barbie-as-rapunzel,/assets/pizza-pie/images/poster_default.c8c896e70c3.gif
Barbie of Swan Lake,2003,NR,58,,NR,,https://www.rottentomatoes.com/m/barbie-of-swan-lake,/assets/pizza-pie/images/poster_default.c8c896e70c3.gif
Ip Man: Kung Fu Master,2019,36,25,Action/Sports and fitness,NR,1h 24m,https://www.rottentomatoes.com/m/ip_man_kung_fu_master,https://resizing.flixster.com/ypfPCk78Ts413woqpe8IgvsmNLM=/206x305/v2/https://resizing.flixster.com/CoN2_kmSxNMAPzWhVdAujfbGGh0=/ems.ZW1zLXByZC1hc3NldHMvbW92aWVzL2VlMjJjOGVjLTgyNWEtNDRlMC05MTY4LWM2MDYxMzVhOTFkYi5qcGc=
The Master,2012,84,62,Drama,R,2h 16m,https://www.rottentomatoes.com/m/the_master_2011,https://resizing.flixster.com/7ybQLchhnnc-9iGON-esHE0lMbU=/206x305/v2/https://flxt.tmsimg.com/assets/p9211021_p_v10_an.jpg
Pokémon: The Mastermind of Mirage Pokémon,2006,NR,64,Adventure/Fantasy,NR,45m,https://www.rottentomatoes.com/m/the_mastermind_of_mirage_pokemon,https://resizing.flixster.com/VvDNHjb1G83f7VzSsG2O3A-nhpQ=/206x305/v2/https://resizing.flixster.com/njieC7bTDrYjelb5Uy-Qtsk4VX8=/ems.ZW1zLXByZC1hc3NldHMvbW92aWVzLzEzMmZjMGVjLTlhYmQtNDljZS05MGM2LTI5MWQ2NzAwNGEwOS53ZWJw
3 Evil Masters,1980,NR,57,Action/Sports and fitness,NR,1h 32m,https://www.rottentomatoes.com/m/the-master1980,/assets/pizza-pie/images/poster_default.c8c896e70c3.gif
The Master Race,1944,NR,NR,Drama,NR,1h 36m,https://www.rottentomatoes.com/m/master_race,https://resizing.flixster.com/l2Q-ShEmSbZY95rLDuhYTwptYKM=/206x305/v2/https://flxt.tmsimg.com/assets/p41208_p_v8_aa.jpg
Master of the Crimson Armor,2005,31,44,Action/Romance,PG-13,1h 42m,https://www.rottentomatoes.com/m/1154356-promise,/assets/pizza-pie/images/poster_default.c8c896e70c3.gif
The Master of Ballantrae,1953,NR,44,Adventure,NR,1h 29m,https://www.rottentomatoes.com/m/master_of_ballantrae,https://resizing.flixster.com/uZq-HvbC1azGf_KYSCox_q7-irQ=/206x305/v2/https://flxt.tmsimg.com/assets/p1309_p_v8_aa.jpg
Drunken Master,1978,79,85,Comedy/Action,PG-13,1h 47m,https://www.rottentomatoes.com/m/drunken_master,https://resizing.flixster.com/8lZInSHzfW3F3TIf0YdDfbbnkhI=/206x305/v2/https://flxt.tmsimg.com/NowShowing/115010/115010_aa.jpg
A Nightmare on Elm Street 4: The Dream Master,1988,52,43,Horror,R,1h 33m,https://www.rottentomatoes.com/m/a_nightmare_on_elm_street_4_the_dream_master,https://resizing.flixster.com/Hyju70vu-4Dn4Ef0JEiqbZRA2aw=/206x305/v2/https://flxt.tmsimg.com/assets/p10992_p_v10_aa.jpg
Drunken Master II,1994,84,88,Comedy/Action,R,1h 42m,https://www.rottentomatoes.com/m/legend_of_drunken_master,https://resizing.flixster.com/4oPUl5_5MaAlNcHgZ8pieKrMNWI=/206x305/v2/https://flxt.tmsimg.com/assets/p25808_p_v8_af.jpg
The Master of Disguise,2002,1,34,Kids and family/Comedy,PG,1h 20m,https://www.rottentomatoes.com/m/master_of_disguise,https://resizing.flixster.com/ga1IfK1KU07UvjNr6GEV3lGuy_s=/206x305/v2/https://flxt.tmsimg.com/assets/p30113_p_v8_af.jpg
Masters of the Universe,1987,13,40,Fantasy,PG,1h 45m,https://www.rottentomatoes.com/m/masters_of_the_universe,https://resizing.flixster.com/PIgs7GPApSWQYEejYCbRLA1pIKQ=/206x305/v2/https://flxt.tmsimg.com/assets/p10248_p_v8_aj.jpg
Master and Commander: The Far Side of the World,2003,85,80,Drama/War,PG-13,2h 19m,https://www.rottentomatoes.com/m/master_and_commander_the_far_side_of_the_world,https://resizing.flixster.com/FyyoJ6tSZ6onk47BGxYPUJN_TTM=/206x305/v2/https://flxt.tmsimg.com/assets/p31335_p_v8_ab.jpg
DMX: Ride or Die,2004,NR,NR,,NR,,https://www.rottentomatoes.com/m/dmx-ride-or-die,/assets/pizza-pie/images/poster_default.c8c896e70c3.gif
"Summer of Soul (...Or, When the Revolution Could Not Be Televised)",2021,98,NR,Documentary/Music,PG-13,1h 57m,https://www.rottentomatoes.com/m/summer_of_soul,https://resizing.flixster.com/Zazuzb_827qzEWYdOSD_2Ee-LT8=/206x305/v2/https://resizing.flixster.com/qKfv65RPLoiAarppjwznpW0QTkM=/ems.ZW1zLXByZC1hc3NldHMvbW92aWVzL2YxNDExNWM0LWIwYzctNDBmZi1hM2ZjLWUxZjI2Y2RhYmM3MC5qcGc=
Don't Tell a Soul,2020,69,58,Mystery and thriller,R,1h 24m,https://www.rottentomatoes.com/m/dont_tell_a_soul,https://resizing.flixster.com/PmCPcNJNC2fL-6mcF1xnDiy5Qgg=/206x305/v2/https://flxt.tmsimg.com/assets/p19184476_p_v8_aa.jpg
The Soul of America,2020,NR,NR,Documentary,NR,,https://www.rottentomatoes.com/m/the_soul_of_america,https://resizing.flixster.com/UZZ28ZNaG0qks1x0arxl2OtssBQ=/206x305/v2/https://resizing.flixster.com/0T1v_CAH6qE68JWt8zjGj4HFxHs=/ems.ZW1zLXByZC1hc3NldHMvbW92aWVzLzVhZTBjMGRjLTJiYWEtNDlhNy1iNDlkLTNmNjM3YmZmYjI1NS5qcGc=
The Soul Collector,2019,73,77,Horror,NR,1h 40m,https://www.rottentomatoes.com/m/the_soul_collector_2020,https://resizing.flixster.com/AKXBuHPbK0HP9NKNKPrjVwA7z94=/206x305/v2/https://resizing.flixster.com/_AhLgxqY5jj7v18H-G5KvnnFoBk=/ems.ZW1zLXByZC1hc3NldHMvbW92aWVzLzBhMzhiNWFiLTA0MDEtNDVkNC04ZDkyLTI0YmYwNGU1MTZmZC53ZWJw
The Soul of Success: The Jack Canfield Story,2017,NR,96,Documentary,NR,54m,https://www.rottentomatoes.com/m/the_soul_of_success_the_jack_canfield_story,https://resizing.flixster.com/vr4WVo_VTqtNDUVH-IKDuxbS7rY=/206x305/v2/https://resizing.flixster.com/UIGnVgm-Wr1-kccH6zd9Fs23ykU=/ems.ZW1zLXByZC1hc3NldHMvbW92aWVzL2M1ODE3OWMzLTIwMTgtNDYzZS1hMjc0LWU4NjdhNmI3NThmMy53ZWJw
The Soul of Bread,2012,NR,29,Romance,NR,1h 54m,https://www.rottentomatoes.com/m/the_soul_of_bread,/assets/pizza-pie/images/poster_default.c8c896e70c3.gif
Soul Surfer,2011,45,75,Drama,PG,1h 46m,https://www.rottentomatoes.com/m/soul_surfer,https://resizing.flixster.com/KAw7tWqIFBw44AuCQ5Vw4z3-5rE=/206x305/v2/https://flxt.tmsimg.com/assets/p8400760_p_v10_an.jpg
My Soul to Take,2010,10,26,Horror/Mystery and thriller,R,1h 47m,https://www.rottentomatoes.com/m/258,https://resizing.flixster.com/30elC4rFyIWiw5L4fW-zXZwyKZU=/206x305/v2/https://flxt.tmsimg.com/assets/p8099376_p_v10_ak.jpg
6 Souls,2010,4,45,Horror/Mystery and thriller,R,1h 53m,https://www.rottentomatoes.com/m/6_souls,https://resizing.flixster.com/Ti726_0ogVF8YZOxswK7XtnaRlA=/206x305/v2/https://flxt.tmsimg.com/assets/p8079448_p_v10_as.jpg
The Soul of a Man,2003,NR,86,Documentary,NR,1h 40m,https://www.rottentomatoes.com/m/the-soul-of-a-man,/assets/pizza-pie/images/poster_default.c8c896e70c3.gif
Cold Souls,2009,75,54,Comedy/Sci fi,PG-13,1h 41m,https://www.rottentomatoes.com/m/cold_souls,https://resizing.flixster.com/ILho6o1XVPIe5tWSd2ZwvISbhcU=/206x305/v2/https://flxt.tmsimg.com/assets/p194084_p_v10_aa.jpg
The Soul Collector,1999,NR,75,Drama,TVPG,1h 37m,https://www.rottentomatoes.com/m/the-soul-collector,https://resizing.flixster.com/KCmUWBCAbnEp6mEMSEJGrIjQDZI=/206x305/v2/https://flxt.tmsimg.com/assets/p22954_p_v10_aa.jpg
The Souls of Black Girls,2008,NR,NR,Documentary,NR,49m,https://www.rottentomatoes.com/m/the-souls-of-black-girls,/assets/pizza-pie/images/poster_default.c8c896e70c3.gif
Soul Men,2008,45,58,Comedy,R,1h 40m,https://www.rottentomatoes.com/m/10009635-soul_men,https://resizing.flixster.com/eQ2PZNakHH1BhG5IzM__VYIzFHs=/206x305/v2/https://flxt.tmsimg.com/assets/p176563_p_v10_ac.jpg
Soul Plane,2004,18,51,Comedy,R,1h 26m,https://www.rottentomatoes.com/m/soul_plane,https://resizing.flixster.com/7qeUuMO0q6ObRIYe0DCshBIT19M=/206x305/v2/https://flxt.tmsimg.com/assets/p34542_p_v10_ab.jpg
The Souler Opposite,1997,NR,80,Romance,R,1h 45m,https://www.rottentomatoes.com/m/the_souler_opposite,https://resizing.flixster.com/Gmk0Eiuwf5brCoJ1VpDfxKwZFrQ=/206x305/v2/https://flxt.tmsimg.com/assets/p20633_p_v8_aa.jpg
The Breaker Upperers,2018,87,50,Comedy,NR,1h 30m,https://www.rottentomatoes.com/m/the_breaker_upperers,https://resizing.flixster.com/tUfr1vttQTotTapOP3qRgZStBik=/206x305/v2/https://resizing.flixster.com/yoDp4r42_MCRM5txBYM9FBG52DU=/ems.ZW1zLXByZC1hc3NldHMvbW92aWVzLzYwNDg2YzI0LThmZDUtNGY2MC05Y2Y3LWE1OTJlZTA3Mjk1My53ZWJw
Concrete Evidence: A Fixer Upper Mystery,2017,NR,NR,Mystery and thriller,TVG,1h 30m,https://www.rottentomatoes.com/m/concrete_evidence_a_fixer_upper_mystery,https://resizing.flixster.com/voQdLbk2i1pG_5xj4wuX8ns1lcU=/206x305/v2/https://flxt.tmsimg.com/assets/p13894524_p_v8_aa.jpg
Framed for Murder: A Fixer Upper Mystery,2017,NR,43,Drama/Crime,NR,1h 30m,https://www.rottentomatoes.com/m/fixer_upper_mysteries,https://resizing.flixster.com/z4vCPwFcvcGSmXnTLjW6z9EnHV0=/206x305/v2/https://flxt.tmsimg.com/assets/p13600130_p_v8_aa.jpg
The Upper Footage,2013,NR,83,,NR,,https://www.rottentomatoes.com/m/the_upper_footage,/assets/pizza-pie/images/poster_default.c8c896e70c3.gif
The Fixer Uppers,1935,NR,79,Comedy,NR,21m,https://www.rottentomatoes.com/m/the_fixer_uppers,https://resizing.flixster.com/AqeWxXgvhhRqCGbQJT-niquh5rs=/206x305/v2/https://flxt.tmsimg.com/assets/p13668068_p_v8_aa.jpg
The Upper Crust,1982,NR,NR,Action,NR,1h 54m,https://www.rottentomatoes.com/m/the_upper_crust_1982,/assets/pizza-pie/images/poster_default.c8c896e70c3.gif
Upperdog,2009,NR,64,Comedy/Drama,NR,1h 40m,https://www.rottentomatoes.com/m/upperdog-2009,https://resizing.flixster.com/KumxC8v9OqJwJIKlWNtzu6h6vVs=/206x305/v2/https://flxt.tmsimg.com/assets/p8110835_p_v8_aa.jpg
Stiff Upper Lips,1997,38,41,Comedy/Drama,R,1h 34m,https://www.rottentomatoes.com/m/stiff-upper-lips,https://resizing.flixster.com/R_SNINLnkOzzc9TBiQRuYstm8Xg=/206x305/v2/https://flxt.tmsimg.com/assets/p20220_p_v10_aa.jpg
Upperworld,1934,NR,38,Drama/Crime,NR,1h 12m,https://www.rottentomatoes.com/m/upper_world,/assets/pizza-pie/images/poster_default.c8c896e70c3.gif
Ghost in the Shell: S.A.C. 2nd GIG - Individual Eleven,2006,NR,81,Sci fi/Action,NR,2h 42m,https://www.rottentomatoes.com/m/ghost_in_the_shell_stand_alone_complex_2nd_gig_individual_eleven,https://resizing.flixster.com/h8-MqStotKZUM5V88ZZ6GMcg7qs=/206x305/v2/https://flxt.tmsimg.com/assets/p8183018_p_v10_aa.jpg
He Stands in a Desert Counting the Seconds of His Life,1986,NR,NR,Documentary,NR,2h 30m,https://www.rottentomatoes.com/m/he_stands_in_the_desert_counting_the_seconds_of_his_life,/assets/pizza-pie/images/poster_default.c8c896e70c3.gif
Ghost in the Shell: Stand Alone Complex - The Laughing Man,2005,NR,88,Sci fi/Adventure,NR,2h 40m,https://www.rottentomatoes.com/m/ghost-in-the-shell-stand-alone-complex-the-laughing-man,https://resizing.flixster.com/Za3AdTxk6zsicEinNqxJPmqAlZM=/206x305/v2/https://flxt.tmsimg.com/assets/p8046600_p_v8_aa.jpg
Stand-Ins,1997,NR,NR,Drama,NR,1h 28m,https://www.rottentomatoes.com/m/standins,https://resizing.flixster.com/EilEnhUEzFERWCCd7S1O-4M5gh8=/206x305/v2/https://flxt.tmsimg.com/assets/p20214_p_v13_aa.jpg
The Stand-In,1999,NR,NR,Drama,PG,1h 40m,https://www.rottentomatoes.com/m/1118829-standin,/assets/pizza-pie/images/poster_default.c8c896e70c3.gif
Stand-In,1937,NR,67,Comedy,NR,1h 31m,https://www.rottentomatoes.com/m/1019800-standin,https://resizing.flixster.com/ol_rJRkWTZG6i8ISrOWiMMQNDm0=/206x305/v2/https://flxt.tmsimg.com/assets/p38655_p_v8_aa.jpg
Standing in the Shadows of Motown,2002,91,89,Documentary,PG,1h 48m,https://www.rottentomatoes.com/m/standing_in_the_shadows_of_motown,https://resizing.flixster.com/0n4liRWeY3Q_IReRd0b_oX3lzkg=/206x305/v2/https://flxt.tmsimg.com/assets/p77288_p_v8_aa.jpg
Force on Thunder Mountain,1977,NR,NR,Sci fi,NR,1h 33m,https://www.rottentomatoes.com/m/force_on_thunder_mountain,/assets/pizza-pie/images/poster_default.c8c896e70c3.gif
Dear America: Standing in the Light,1999,NR,NR,,NR,,https://www.rottentomatoes.com/m/dear_america_standing_in_the_light,/assets/pizza-pie/images/poster_default.c8c896e70c3.gif
Crimson Peak,2015,72,55,Romance/Horror,R,1h 59m,https://www.rottentomatoes.com/m/crimson_peak,https://resizing.flixster.com/m1Yhsj-xSJvyzfYNw_xP3xbErm8=/206x305/v2/https://flxt.tmsimg.com/assets/p11806131_p_v10_ab.jpg
Doctor Bello,2012,NR,60,Drama,NR,1h 35m,https://www.rottentomatoes.com/m/doctor_bello,https://resizing.flixster.com/wPYvU9mMBar2iuXpZ0upGsQKuaE=/206x305/v2/https://flxt.tmsimg.com/assets/p9780218_p_v7_aa.jpg
Into the Beat,2019,NR,NR,Romance/Drama,NR,1h 38m,https://www.rottentomatoes.com/m/into_the_beat,https://resizing.flixster.com/jUq6Ds3ZqVNI9duckTprzJ9DJI8=/206x305/v2/https://resizing.flixster.com/Cf67EMtzetbFB5c1HyzoSIUbc6g=/ems.ZW1zLXByZC1hc3NldHMvbW92aWVzL2Y2YzZhZTdhLWJhNTYtNGJmZi04MTdhLWI1YTgwMWIyZWFmNS5qcGc=
Rush: Time Stand Still,2016,80,84,Documentary,NR,1h 37m,https://www.rottentomatoes.com/m/rush_time_stand_still,https://resizing.flixster.com/xrA-p7jZ0ECfJs_hzoLPOx611Tw=/206x305/v2/https://resizing.flixster.com/ISXA2EM8KWoj5zO71F5Ld1uwgaA=/ems.ZW1zLXByZC1hc3NldHMvbW92aWVzL2MzZTRiNjZjLTE4YWItNDM5Yi1hN2ZiLTNlMGZjYzAxYmRmZi53ZWJw
Synchronic,2019,80,76,Sci fi/Mystery and thriller,R,1h 40m,https://www.rottentomatoes.com/m/synchronic,https://resizing.flixster.com/tXtFqK_-LYctTHrY5g7n7tUHEMQ=/206x305/v2/https://resizing.flixster.com/g-X-z18Mo8mZDFpQV29ax6aBTfA=/ems.ZW1zLXByZC1hc3NldHMvbW92aWVzL2M4Y2Y1MjE4LTAxOGUtNDhhMi1hNDFmLTk1ZTUzNWY5MGI4Mi5qcGc=
Free to Play,2014,NR,77,Documentary,NR,1h 15m,https://www.rottentomatoes.com/m/free_to_play,https://resizing.flixster.com/-HOvTrR2-I-G0I5VBAteeFdi4BY=/206x305/v2/https://flxt.tmsimg.com/assets/p10630492_p_v13_aa.jpg
Miss Sloane,2016,76,72,Drama/Mystery and thriller,R,2h 12m,https://www.rottentomatoes.com/m/miss_sloane,https://resizing.flixster.com/0ZaUv9ojK6TQTxzWhCQmQLna8tc=/206x305/v2/https://resizing.flixster.com/_8Jydny34-RxXqPQqwPjgC-8ocQ=/ems.ZW1zLXByZC1hc3NldHMvbW92aWVzLzhiYjY5NGI5LWMxYjUtNDhiZi1hYjgwLWJhY2U4YjNjNTk1MC53ZWJw
Synchronicity,2015,48,34,Sci fi/Mystery and thriller,R,1h 41m,https://www.rottentomatoes.com/m/synchronicity_2016,https://resizing.flixster.com/dRs4Kb_E_KlqmHFBFgzAYPtW97k=/206x305/v2/https://resizing.flixster.com/__0iYjNXwN45MU6HlWszwCqHZec=/ems.ZW1zLXByZC1hc3NldHMvbW92aWVzL2ZkNDU3YTFjLTQ0MTgtNDc2NS05ZTVlLWFhMGFhNjBhNTI4MS53ZWJw
Tell Me When,2020,NR,NR,Comedy,NR,1h 35m,https://www.rottentomatoes.com/m/tell_me_when,/assets/pizza-pie/images/poster_default.c8c896e70c3.gif
Homunculus,2021,NR,NR,Drama,NR,1h 55m,https://www.rottentomatoes.com/m/homunculus_2021,https://resizing.flixster.com/LM-8nZGTzMrQlNarui-_favKmXE=/206x305/v2/https://resizing.flixster.com/u-7RN-eewNNGcBe6lpJQlQ5Vq5o=/ems.ZW1zLXByZC1hc3NldHMvbW92aWVzL2M0MWNhMmQzLTU3MTgtNDcxNy1hNDA4LTI0Yjk1NTk0ZGU5ZS5qcGc=
Searching For Sheela,2021,38,12,Documentary,NR,58m,https://www.rottentomatoes.com/m/searching_for_sheela,/assets/pizza-pie/images/poster_default.c8c896e70c3.gif
Stowaway,2021,77,49,Sci fi/Drama,NR,1h 56m,https://www.rottentomatoes.com/m/stowaway_2021,https://resizing.flixster.com/xb1he2qVUpNevG6ezS0WTCRwuvA=/206x305/v2/https://resizing.flixster.com/tsVdXW9_nIYcLialLeEtXJpVgKc=/ems.ZW1zLXByZC1hc3NldHMvbW92aWVzLzhjODg1YzZmLTg3YWYtNDFhYy1iMmVmLTEwNzIxYzVhYmZmOC5qcGc=
Stowaway to the Moon,1974,NR,NR,Adventure,NR,1h 40m,https://www.rottentomatoes.com/m/stowaway_to_the_moon,/assets/pizza-pie/images/poster_default.c8c896e70c3.gif
Stowaways on the Ark,1988,NR,50,Kids and family/Animation,NR,1h 36m,https://www.rottentomatoes.com/m/stowaways_on_the_ark,/assets/pizza-pie/images/poster_default.c8c896e70c3.gif
Stowaway in the Sky,1959,NR,NR,Adventure,NR,1h 22m,https://www.rottentomatoes.com/m/voyage-en-ballon-le-stowaway-in-the-sky,https://resizing.flixster.com/0732LxUf2dpQhLKYhF2dKld0Ycs=/206x305/v2/https://flxt.tmsimg.com/assets/p7163_p_v10_aa.jpg
Stowaway,1936,NR,63,Comedy/Musical,G,1h 26m,https://www.rottentomatoes.com/m/1020256-stowaway,https://resizing.flixster.com/nTfl9elCrBzf72M7_okVgeqbt3Y=/206x305/v2/https://flxt.tmsimg.com/assets/p3670_p_v8_aa.jpg
Babenco: Tell Me When I Die,2019,80,NR,Documentary,NR,1h 15m,https://www.rottentomatoes.com/m/babenco_tell_me_when_i_die,https://resizing.flixster.com/NkNCTmIIYAljnT_1ZbNYQ0ck5fE=/206x305/v2/https://resizing.flixster.com/JfNJa8U6cRbxkg0Q6vCxpZ4oKQI=/ems.ZW1zLXByZC1hc3NldHMvbW92aWVzLzViOTAwNmU1LWI0ZmQtNDA5OS04ZWExLTE3MDIxZDg3MzIxMy5qcGc=
Synchronicity,2008,NR,NR,Comedy,NR,1h 45m,https://www.rottentomatoes.com/m/synchronicity,/assets/pizza-pie/images/poster_default.c8c896e70c3.gif
Rushlights,2012,26,63,Romance/Drama,R,1h 36m,https://www.rottentomatoes.com/m/rushlights,https://resizing.flixster.com/FbC2JSIJN7O6wrmsqTe3rCMpock=/206x305/v2/https://flxt.tmsimg.com/assets/p9903034_p_v10_aa.jpg
Rush,2013,89,88,Action/Drama,R,2h 3m,https://www.rottentomatoes.com/m/rush_2013,https://resizing.flixster.com/ivW21bzRMF6ZC4Trg6DgZ4ECDIA=/206x305/v2/https://flxt.tmsimg.com/assets/p9872516_p_v10_bb.jpg
Rush: Time Machine 2011: Live in Cleveland,2011,NR,97,Documentary,NR,2h 47m,https://www.rottentomatoes.com/m/rush_time_machine_2011_live_in_cleveland_2011,/assets/pizza-pie/images/poster_default.c8c896e70c3.gif
Premium Rush,2012,74,60,Mystery and thriller/Action,PG-13,1h 31m,https://www.rottentomatoes.com/m/premium_rush,https://resizing.flixster.com/EPqAVQeXK0nY5LAmabM0r3qS_as=/206x305/v2/https://flxt.tmsimg.com/assets/p8786097_p_v13_ba.jpg
Rush: Beyond the Lighted Stage,2010,90,94,Documentary/Biography,NR,1h 47m,https://www.rottentomatoes.com/m/rush_beyond_the_lighted_stage,/assets/pizza-pie/images/poster_default.c8c896e70c3.gif
Rush in Rio,2003,NR,100,,NR,,https://www.rottentomatoes.com/m/rush-in-rio,/assets/pizza-pie/images/poster_default.c8c896e70c3.gif
August Rush,2007,37,82,Fantasy/Drama,PG,1h 53m,https://www.rottentomatoes.com/m/august_rush,https://resizing.flixster.com/HfTfuGZe9sO5_tbbuMfokvQvduY=/206x305/v2/https://flxt.tmsimg.com/assets/p166757_p_v8_aa.jpg
Rush Hour 3,2007,18,63,Comedy/Action,PG-13,1h 31m,https://www.rottentomatoes.com/m/rush_hour_3,https://resizing.flixster.com/X7RVjr7szjqievFwBddm35TlYnc=/206x305/v2/https://flxt.tmsimg.com/assets/p166593_p_v10_as.jpg
The Gold Rush,1925,100,93,Comedy/Adventure,NR,1h 22m,https://www.rottentomatoes.com/m/the_gold_rush,https://resizing.flixster.com/aLKPOCZQc86qOFsv_CN-QeSwh0k=/206x305/v2/https://flxt.tmsimg.com/assets/p341_p_v8_ab.jpg
Rush,1991,71,72,Drama/Crime,R,2h,https://www.rottentomatoes.com/m/rush_1991,https://resizing.flixster.com/OU2ARaKSvKlglqZfAhvlLoj4yWQ=/206x305/v2/https://flxt.tmsimg.com/assets/p19181_p_v8_ab.jpg
Rushmore,1998,90,91,Comedy,R,1h 33m,https://www.rottentomatoes.com/m/rushmore,https://resizing.flixster.com/wINZwSum93jPtA0buSDeafk2Xlo=/206x305/v2/https://flxt.tmsimg.com/assets/p21677_p_v13_ac.jpg
Fools Rush In,1997,32,64,Comedy/Drama,PG-13,1h 48m,https://www.rottentomatoes.com/m/fools_rush_in,https://resizing.flixster.com/5QtaL8uHjCGujZ4ORWYaqcGJijE=/206x305/v2/https://flxt.tmsimg.com/assets/p19051_p_v10_ah.jpg
Rush Hour 2,2001,52,74,Comedy/Action,PG-13,1h 30m,https://www.rottentomatoes.com/m/rush_hour_2,https://resizing.flixster.com/yi0a-ESIZ4JmCTB6yUS17vWayWQ=/206x305/v2/https://flxt.tmsimg.com/assets/p28145_p_v8_an.jpg
Rush Hour,1998,61,78,Comedy/Action,PG-13,1h 38m,https://www.rottentomatoes.com/m/rush_hour,https://resizing.flixster.com/3gQkHobbvHbE93LA7I4l0u1LkvE=/206x305/v2/https://flxt.tmsimg.com/assets/p21702_p_v10_ab.jpg
Keeper of the Beat: A Woman's Journey Into the Heart of Drumming,2012,NR,NR,Documentary/Music,NR,1h 20m,https://www.rottentomatoes.com/m/keeper_of_the_beat_a_womans_journey_into_the_heart_of_drumming,/assets/pizza-pie/images/poster_default.c8c896e70c3.gif
The Zookeeper's Wife,2017,64,76,Biography/Drama,PG-13,2h 5m,https://www.rottentomatoes.com/m/the_zookeepers_wife_2017,https://resizing.flixster.com/0lTqVqHVZVFli9XEpGnB4Yqemnk=/206x305/v2/https://resizing.flixster.com/V4rhg5rviFMQPfyVHZlxOu0Xt_I=/ems.ZW1zLXByZC1hc3NldHMvbW92aWVzL2JmODZiMWVjLTc4ZGMtNGVlNy05YzQzLWEzY2NhMDdhNDA2My53ZWJw
Demon Slayer -Kimetsu no Yaiba- The Movie: Mugen Train,2020,97,99,Anime/Action,R,1h 57m,https://www.rottentomatoes.com/m/demon_slayer_kimetsu_no_yaiba_the_movie_mugen_train,https://resizing.flixster.com/XkXwdIYlHatvuHJAuQUIql9yzxk=/206x305/v2/https://resizing.flixster.com/xOWJw6VGsFwo4-tG04KUiCEEJAg=/ems.ZW1zLXByZC1hc3NldHMvbW92aWVzLzJkNGRlYzE0LTkwMTktNDA5NC1hMzlhLTMwYjQ5MTY3ODg0Ny5qcGc=
August: Osage County,2013,67,65,Comedy/Drama,R,1h 59m,https://www.rottentomatoes.com/m/august_osage_county,https://resizing.flixster.com/7DmYln5Dw1T5DEndpQHyCiE3P64=/206x305/v2/https://flxt.tmsimg.com/assets/p9991418_p_v10_aj.jpg
Slay the Dragon,2019,100,72,Documentary,PG-13,1h 41m,https://www.rottentomatoes.com/m/slay_the_dragon,https://resizing.flixster.com/lNrJTcPffcl7rr-LNgh0VVJ1Y0E=/206x305/v2/https://resizing.flixster.com/hRM2NSWHfWrxpDEioX-o48TC-BA=/ems.ZW1zLXByZC1hc3NldHMvbW92aWVzLzA0ZDk5MTc4LTMxZTUtNDQ1Yi1iMDcwLWRjODM1OTAzMTIyZC53ZWJw
Get the Grift,2021,NR,NR,Comedy,NR,1h 30m,https://www.rottentomatoes.com/m/get_the_grift,https://resizing.flixster.com/YdisBOJXbB-oYX9H_9WPDh7qm_s=/206x305/v2/https://resizing.flixster.com/4Tq7oQHM4DTs1DY3PnuoEtWfxbo=/ems.ZW1zLXByZC1hc3NldHMvbW92aWVzL2EzYzBmOTUzLWFjYTYtNDc5ZS05NmIxLTM1ZTE2ODk5Yjk1ZC5qcGc=
Things Heard & Seen,2021,39,24,Horror/Mystery and thriller,NR,2h 1m,https://www.rottentomatoes.com/m/things_heard_and_seen,https://resizing.flixster.com/C607uakS6vteNE-FBRG0Z9c0JGQ=/206x305/v2/https://resizing.flixster.com/vHYZrtbinWczetn8fnY2hoB4MF8=/ems.ZW1zLXByZC1hc3NldHMvbW92aWVzL2IwYTgyZTVjLTllNzMtNDUxMy1iMmI2LWFhNzRmNDlkMDJhNS5qcGc=
Coming From Insanity,2019,NR,NR,Drama/Crime,NR,1h 39m,https://www.rottentomatoes.com/m/coming_from_insanity,https://resizing.flixster.com/fj2gO6xfMpVE6Y5pwxEQRM5rpdc=/206x305/v2/https://resizing.flixster.com/2ZpRdjKdTLipuvXzHbnEaZnMzqM=/ems.ZW1zLXByZC1hc3NldHMvbW92aWVzL2QwZTE5NWQ2LWZlNDUtNGY2OC1hMzZkLTA2YzBjOTQ2YzAwMS53ZWJw
The Disciple,2020,97,68,Music/Drama,NR,2h 7m,https://www.rottentomatoes.com/m/the_disciple_2020,https://resizing.flixster.com/XY8gFaHjQOsfXwxZnzVZqTj-y2c=/206x305/v2/https://flxt.tmsimg.com/assets/p19209355_p_v8_aa.jpg
The Mitchells vs. the Machines,2021,98,89,Kids and family/Comedy,PG,1h 54m,https://www.rottentomatoes.com/m/the_mitchells_vs_the_machines,https://resizing.flixster.com/q_YzYhxvrMfq04c2jKl3wP0eYJs=/206x305/v2/https://resizing.flixster.com/SLCdQwOkKDHVrGvbE_L1DsATmgA=/ems.ZW1zLXByZC1hc3NldHMvbW92aWVzLzA0NGQ5MTg2LTc0ODgtNDEwNC1hNjI5LTY1N2ZlMWQ4ZTUyOS5qcGc=
Disciples,2014,NR,NR,Horror,NR,1h 30m,https://www.rottentomatoes.com/m/disciples,https://resizing.flixster.com/A9bniEfwFPSK2lKxw__PnUF2ZXY=/206x305/v2/https://flxt.tmsimg.com/assets/p11631253_p_v10_aa.jpg
Dark Disciple,2014,NR,NR,Mystery and thriller,R,1h 30m,https://www.rottentomatoes.com/m/dark_disciple,https://resizing.flixster.com/-tb8iaxa3I4qece5ZQlwQJfm91w=/206x305/v2/https://flxt.tmsimg.com/assets/p11073646_p_v8_aa.jpg
The Platform,2019,80,72,Mystery and thriller/Sci fi,NR,1h 34m,https://www.rottentomatoes.com/m/the_platform,https://resizing.flixster.com/d5NVTJeYi0zp7FKZTeOtUpf58RY=/206x305/v2/https://resizing.flixster.com/fr76H9ZwO7jEXkv13ZEIhnEylUM=/ems.ZW1zLXByZC1hc3NldHMvbW92aWVzLzUzMzNmMjRjLTc2YzgtNGRhMS1hMDJkLTM1MjZmYzQ4OGFjZi53ZWJw
Cleaver Family Reunion,2013,NR,48,Comedy,NR,1h 31m,https://www.rottentomatoes.com/m/cleaver_family_reunion_2013,https://resizing.flixster.com/1Eu1LtTPuYvWplemuzRNOn3J-rk=/206x305/v2/https://flxt.tmsimg.com/assets/p9764040_p_v8_aa.jpg
Dolly Parton: A MusiCares Tribute,2021,NR,NR,Documentary/Music,NR,55m,https://www.rottentomatoes.com/m/dolly_parton_a_musicares_tribute,https://resizing.flixster.com/fm-CER5V655Tio48BTVahaFsLGs=/206x305/v2/https://resizing.flixster.com/pplmvBm8bF0iorRJN3KxPzwQyRI=/ems.ZW1zLXByZC1hc3NldHMvbW92aWVzL2UyOTQ4ZjA1LTNhMTYtNGFhNC1hZTQwLTNhN2JkMTdlZTFhMy5qcGc=
Easy Money: Life Deluxe,2013,NR,36,Drama/Crime,NR,2h 7m,https://www.rottentomatoes.com/m/easy_money_iii_life_deluxe,https://resizing.flixster.com/B_7aYMIVMhJSB3dQkhknDmc-Vxk=/206x305/v2/https://flxt.tmsimg.com/assets/p10708987_p_v10_ad.jpg
Easy Money II,2012,50,45,Drama/Crime,NR,1h 39m,https://www.rottentomatoes.com/m/easy_money_hard_to_kill,/assets/pizza-pie/images/poster_default.c8c896e70c3.gif
Easy Money,2010,86,63,Drama/Crime,R,1h 59m,https://www.rottentomatoes.com/m/snabba_cash_2012,https://resizing.flixster.com/C8M9Hxho49sZPsmPwlzjMPFDKOc=/206x305/v2/https://flxt.tmsimg.com/assets/p8233562_p_v13_at.jpg
Family Reunion,1989,NR,NR,Horror,NR,1h 30m,https://www.rottentomatoes.com/m/family-reunion1979,https://resizing.flixster.com/AInVnhidH9LiCEU8AUn0bYoMIT0=/206x305/v2/https://flxt.tmsimg.com/assets/p25473_p_v10_aa.jpg
Family Reunion,1981,NR,83,,NR,,https://www.rottentomatoes.com/m/1070599-family_reunion,/assets/pizza-pie/images/poster_default.c8c896e70c3.gif
Jeremy's Family Reunion,2005,NR,83,Comedy,NR,1h 28m,https://www.rottentomatoes.com/m/jeremys_family_reunion,https://resizing.flixster.com/rt438SyQKRao7IFEJ5YNpXd47_E=/206x305/v2/https://flxt.tmsimg.com/assets/p163538_p_v10_aa.jpg
Family Reunion: A Relative Nightmare,1995,NR,NR,Comedy,TVG,1h 37m,https://www.rottentomatoes.com/m/family-reunion-a-relative-nightmare,/assets/pizza-pie/images/poster_default.c8c896e70c3.gif
Eight Is Enough: A Family Reunion,1987,NR,NR,Comedy/Drama,NR,1h 36m,https://www.rottentomatoes.com/m/eight-is-enough-a-family-reunion,/assets/pizza-pie/images/poster_default.c8c896e70c3.gif
National Lampoon's Thanksgiving Reunion,2003,NR,31,Comedy/Other,PG-13,1h 36m,https://www.rottentomatoes.com/m/thanksgiving_family_reunion,/assets/pizza-pie/images/poster_default.c8c896e70c3.gif
Addams Family Reunion,1998,NR,33,Comedy,PG,1h 32m,https://www.rottentomatoes.com/m/addams_family_reunion,https://resizing.flixster.com/jhi8VFcSyb3k58cuBJ7j-oIl288=/206x305/v2/https://flxt.tmsimg.com/assets/p21497_p_v10_ab.jpg
Madea's Family Reunion,2006,26,93,Comedy,PG-13,1h 47m,https://www.rottentomatoes.com/m/madeas_family_reunion,https://resizing.flixster.com/oroAFR5UcxmvP_U8HfmgUq3nGHI=/206x305/v2/https://flxt.tmsimg.com/assets/p160651_p_v10_ad.jpg
Family Reunion: The Movie,2003,NR,74,,NR,,https://www.rottentomatoes.com/m/1121686-family_reunion,/assets/pizza-pie/images/poster_default.c8c896e70c3.gif
Serpent,2017,NR,43,Mystery and thriller,NR,1h 25m,https://www.rottentomatoes.com/m/serpent_2017,https://resizing.flixster.com/yG-g19xnPkvuloez5p1WX9-lSQg=/206x305/v2/https://flxt.tmsimg.com/assets/p14273741_p_v8_aa.jpg
Embrace of the Serpent,2015,96,85,Drama/Adventure,NR,2h 3m,https://www.rottentomatoes.com/m/embrace_of_the_serpent,https://resizing.flixster.com/UHiiJ1DX7_WjfOelsT_BJFs35pA=/206x305/v2/https://flxt.tmsimg.com/NowShowing/155316/155316_aa.jpg
Eyes of the Serpent,1994,NR,NR,Fantasy,R,1h 25m,https://www.rottentomatoes.com/m/eyes_of_the_serpent,/assets/pizza-pie/images/poster_default.c8c896e70c3.gif
Sand Serpents,2009,NR,15,Sci fi/Action,NR,1h 30m,https://www.rottentomatoes.com/m/sand_serpents,https://resizing.flixster.com/JH48Cll0Rfvc7mFqoW2HduzPOoI=/206x305/v2/https://flxt.tmsimg.com/assets/p3549137_p_v7_aa.jpg
The Winged Serpent,1982,NR,NR,Horror,R,1h 33m,https://www.rottentomatoes.com/m/la-vengeance-du-serpent-a-plumes-the-vengeance-of-the-winged-serpent,https://resizing.flixster.com/7tcSVZtX0XVVCxzYEtzZCdqEc4o=/206x305/v2/https://flxt.tmsimg.com/assets/p48067_p_v10_aa.jpg
Serpent's Lair,1995,NR,12,Horror,R,1h 30m,https://www.rottentomatoes.com/m/serpents_lair,https://resizing.flixster.com/pYUgUVhjXeGGJQHNcAYIkRUm0PM=/206x305/v2/https://flxt.tmsimg.com/assets/p17324_p_v13_aa.jpg
Lockjaw: Rise of the Kulev Serpent,2008,NR,NR,Sci fi/Horror,R,1h 30m,https://www.rottentomatoes.com/m/lockjaw-rise-of-the-kulev-serpent,https://resizing.flixster.com/NO_nasvKCN6lswW9A52SUm_7E7U=/206x305/v2/https://flxt.tmsimg.com/assets/p7870946_p_v13_aa.jpg
Serpent's Path,1998,NR,84,Drama/Crime,NR,1h 25m,https://www.rottentomatoes.com/m/hebi-no-michi-serpents-path,/assets/pizza-pie/images/poster_default.c8c896e70c3.gif
Red Serpent,2002,NR,NR,Action,NR,1h 30m,https://www.rottentomatoes.com/m/red_serpent_2003,/assets/pizza-pie/images/poster_default.c8c896e70c3.gif
Night Flight From Moscow,1973,NR,62,Mystery and thriller,PG,1h 53m,https://www.rottentomatoes.com/m/the_serpent_1973,/assets/pizza-pie/images/poster_default.c8c896e70c3.gif
The Saga of the Viking Women and Their Voyage to the Waters of the Great Sea Serpent,1957,NR,4,Adventure/Fantasy,NR,1h 10m,https://www.rottentomatoes.com/m/the-saga-of-the-viking-women-and-their-voyage-to-the-waters-of-the-great-sea-serpent,https://resizing.flixster.com/yPlbLN4id7pTJI9psT4UZhlM0qQ=/206x305/v2/https://flxt.tmsimg.com/assets/p15649_p_v10_aa.jpg
Fire Serpent,2007,NR,6,Sci fi/Fantasy,R,1h 29m,https://www.rottentomatoes.com/m/fire_serpent,https://resizing.flixster.com/dlRfgAktk3PFzZqyPHyLqvRV-Po=/206x305/v2/https://flxt.tmsimg.com/assets/p166415_p_v10_aa.jpg
Basilisk: The Serpent King,2006,NR,14,Horror,TV14,1h 36m,https://www.rottentomatoes.com/m/basilisk_the_serpent_king,https://resizing.flixster.com/s6IgwWmV38-B5fvWhVKj6ve5h-Q=/206x305/v2/https://resizing.flixster.com/HGXaFghUPRdG6e9KmmABdkjEh0g=/ems.ZW1zLXByZC1hc3NldHMvbW92aWVzLzdjMDNkNjcxLTMxNmYtNDljNi1iZDViLTIxN2Q0YTY4YmIyZC53ZWJw
The Snake,2008,85,69,Comedy,NR,1h 20m,https://www.rottentomatoes.com/m/serpent,/assets/pizza-pie/images/poster_default.c8c896e70c3.gif
The Serpent's Kiss,1997,NR,39,Drama,R,1h 50m,https://www.rottentomatoes.com/m/serpents_kiss,https://resizing.flixster.com/cFwusjA6pbEIG6ChQfoN7L30TTY=/206x305/v2/https://flxt.tmsimg.com/assets/p23359_p_v10_ac.jpg
The Serpent's Egg,1978,20,56,Drama,R,2h,https://www.rottentomatoes.com/m/the_serpents_egg,https://resizing.flixster.com/AUKw6QtcamJxh1BzSehEJ1MXcmo=/206x305/v2/https://flxt.tmsimg.com/assets/p12969_p_v10_ad.jpg
The Serpent and the Rainbow,1988,65,56,Horror,R,1h 38m,https://www.rottentomatoes.com/m/serpent_and_the_rainbow,https://resizing.flixster.com/xE5Onwt3eyTFIPs5Y4hw9oTQM1E=/206x305/v2/https://flxt.tmsimg.com/assets/p10594_p_v10_ab.jpg
Platform,2000,80,79,Drama,NR,2h 34m,https://www.rottentomatoes.com/m/platform,https://resizing.flixster.com/nPPTXuIwprxHDJX8sOqoVAD6Bmc=/206x305/v2/https://flxt.tmsimg.com/assets/p27502_p_v10_aa.jpg
The Disciple,2010,NR,50,Drama,NR,1h 41m,https://www.rottentomatoes.com/m/el_discipulo,https://resizing.flixster.com/evnyKhg9gAMuqtJfHUeMReNwmGk=/206x305/v2/https://flxt.tmsimg.com/assets/p9684159_p_v13_ab.jpg
The Disciple,1915,NR,NR,Western,NR,50m,https://www.rottentomatoes.com/m/the_disciple_1915,https://resizing.flixster.com/OHpaIoQ_rm2nhRCbprxqPbfYkXU=/206x305/v2/https://flxt.tmsimg.com/assets/p174921_p_v8_aa.jpg
The Witching,1972,NR,29,Horror,PG,1h 22m,https://www.rottentomatoes.com/m/necromancy,/assets/pizza-pie/images/poster_default.c8c896e70c3.gif
Benny Bliss and the Disciples of Greatness,2009,NR,NR,Comedy,NR,1h 34m,https://www.rottentomatoes.com/m/benny-bliss-the-disciples-of-greatness,/assets/pizza-pie/images/poster_default.c8c896e70c3.gif
The Disciple,2008,NR,NR,Drama,NR,1h 40m,https://www.rottentomatoes.com/m/the-disciple,/assets/pizza-pie/images/poster_default.c8c896e70c3.gif
Challenge of the Shaolin Disciples,1981,NR,NR,Action/Adventure,NR,1h 38m,https://www.rottentomatoes.com/m/challenge-of-the-shaolin-disciples1981,https://resizing.flixster.com/QdJYEwVCANm1jh_Tdf_JsJ23zfc=/206x305/v2/https://flxt.tmsimg.com/assets/p7995621_p_v10_aa.jpg
Disciple of Death,1972,NR,0,Horror,PG,1h 24m,https://www.rottentomatoes.com/m/disciple_of_death,/assets/pizza-pie/images/poster_default.c8c896e70c3.gif
The Devil's Disciple,1959,NR,57,Drama/History,NR,1h 22m,https://www.rottentomatoes.com/m/1157309-devils_disciple,https://resizing.flixster.com/S5uRxBzDq7NG6yqnrXDPlGsew18=/206x305/v2/https://flxt.tmsimg.com/assets/p1684_p_v10_aa.jpg
Slay Belles,2018,NR,64,,NR,,https://www.rottentomatoes.com/m/slay_belles_2018,https://resizing.flixster.com/zhcVFfp42ZGumq3c4D_rqhzz5kE=/206x305/v2/https://resizing.flixster.com/cghEurCVJPbN5sp81rdm2wX9w4I=/ems.ZW1zLXByZC1hc3NldHMvbW92aWVzLzA3NmYzMzg3LTIzYWQtNDY0MS05OGM1LWZmN2Q1ZDE2NmUyMy53ZWJw
Jack the Giant Slayer,2013,52,55,Adventure/Fantasy,PG-13,1h 53m,https://www.rottentomatoes.com/m/jack_the_giant_slayer,https://resizing.flixster.com/ndmQA10xlXNFGC60_pJSRo59eL0=/206x305/v2/https://flxt.tmsimg.com/assets/p8991551_p_v10_av.jpg
Slaying Goliath,2008,NR,NR,Documentary,NR,1h 10m,https://www.rottentomatoes.com/m/slaying-goliath,/assets/pizza-pie/images/poster_default.c8c896e70c3.gif
Slay Ride,1972,NR,NR,Drama/Crime,NR,1h 40m,https://www.rottentomatoes.com/m/slay-ride,/assets/pizza-pie/images/poster_default.c8c896e70c3.gif
Slayer,2006,NR,20,Horror,NR,1h 36m,https://www.rottentomatoes.com/m/1169097-slayer,https://resizing.flixster.com/W53O3Kt7cYDoGTmFJcYT7MaGyk0=/206x305/v2/https://flxt.tmsimg.com/assets/p162743_p_v7_aa.jpg
Slayground,1984,NR,9,Action,R,1h 29m,https://www.rottentomatoes.com/m/slayground,https://resizing.flixster.com/2b6unpcF2srcZ28IMrC1qce7siM=/206x305/v2/https://flxt.tmsimg.com/assets/p45209_p_v10_aa.jpg
Slayers: The Motion Picture,1995,NR,74,Animation/Fantasy,NR,1h 15m,https://www.rottentomatoes.com/m/slayers_the_motion_picture,/assets/pizza-pie/images/poster_default.c8c896e70c3.gif
Buffy the Vampire Slayer,1992,36,43,Comedy,PG-13,1h 26m,https://www.rottentomatoes.com/m/buffy_the_vampire_slayer,https://resizing.flixster.com/vMpIGYDtOv6WOQw3-IT936SHZ6k=/206x305/v2/https://flxt.tmsimg.com/assets/p14141_p_v10_ad.jpg
"Michael Bolton's Big, Sexy Valentine's Day Special",2017,100,62,,NR,,https://www.rottentomatoes.com/m/michael_boltons_big_sexy_valentines_day_special,https://resizing.flixster.com/vLUcEDZh0wXV9--mSPtMBtSNwJk=/206x305/v2/https://resizing.flixster.com/OWxMDt92eZO184ZHEtk53BvE_Vk=/ems.ZW1zLXByZC1hc3NldHMvbW92aWVzLzQxMDA2NzI1LTQ4MzQtNGJhNi05M2E1LThmNGJhM2ZkNGJjNi53ZWJw
JoJo's Bizarre Adventure: Diamond is Unbreakable- Chapter 1 (JoJo no kimyô na bôken: Daiyamondo wa kudakenai - dai-isshô),2017,100,77,,NR,,https://www.rottentomatoes.com/m/jojos_bizarre_adventure_diamond_is_unbreakable_chapter_1_2017,/assets/pizza-pie/images/poster_default.c8c896e70c3.gif
The Great Day,2015,NR,NR,Documentary,NR,1h 26m,https://www.rottentomatoes.com/m/the_big_day_2015,https://resizing.flixster.com/qFV3lb3DIRmbmUcEiIOdfrecPyk=/206x305/v2/https://resizing.flixster.com/sP_U8B0l7uB8lyphpGjiSKdZuBs=/ems.ZW1zLXByZC1hc3NldHMvbW92aWVzLzBmMjE0MTMzLTA3M2QtNDhiYy1hMjNkLWVkMGQyZWJjMWJjMS53ZWJw
Big Birding Day,2010,NR,NR,Adventure,NR,13m,https://www.rottentomatoes.com/m/big_birding_day,/assets/pizza-pie/images/poster_default.c8c896e70c3.gif
We Met on the Vineyard,1999,NR,NR,Comedy,R,1h 28m,https://www.rottentomatoes.com/m/the_big_day_2001,/assets/pizza-pie/images/poster_default.c8c896e70c3.gif
Big Man Japan,2007,77,54,Comedy/Sci fi,PG-13,1h 53m,https://www.rottentomatoes.com/m/dai_nipponjin,/assets/pizza-pie/images/poster_default.c8c896e70c3.gif
Jour de Fete,1949,100,83,Comedy,NR,1h 20m,https://www.rottentomatoes.com/m/the_big_day_1952,https://resizing.flixster.com/Wc1HCU6C103Y80iC30whVAKuh8s=/206x305/v2/https://flxt.tmsimg.com/assets/p6675_p_v10_ac.jpg
Kingsman: The Golden Circle,2017,51,64,Comedy/Action,R,2h 21m,https://www.rottentomatoes.com/m/kingsman_the_golden_circle,https://resizing.flixster.com/Ef2FjBL2Qc5jbiInmFsW1juDBr0=/206x305/v2/https://resizing.flixster.com/h3pXs6sPC2D4QZbV-wD3sB2g6mA=/ems.ZW1zLXByZC1hc3NldHMvbW92aWVzLzVhY2I1NGQwLWE2MzItNDhmYy05NmRjLWEyZjM4YWM2ZmYzOS53ZWJw
The Circle,2017,15,21,Drama/Mystery and thriller,PG-13,1h 50m,https://www.rottentomatoes.com/m/the_circle_2017,https://resizing.flixster.com/_A_lpGrgbWIL83RHEAt6w0ZdAQI=/206x305/v2/https://resizing.flixster.com/PnbAWEHC-6hkI7BVtouZdLaPQ6M=/ems.ZW1zLXByZC1hc3NldHMvbW92aWVzLzZlNDEyMmU3LWY3MTEtNDVlMS05MWFkLTZlYmY4YzJlZGM4Yi53ZWJw
Circle,2015,50,42,Sci fi/Drama,NR,1h 27m,https://www.rottentomatoes.com/m/circle_2015,https://resizing.flixster.com/Sbu5XKdgAejpkhYCa0OxvJsdCRs=/206x305/v2/https://flxt.tmsimg.com/assets/p12253314_p_v10_ab.jpg
The Circle,2014,100,77,Drama/Romance,NR,1h 42m,https://www.rottentomatoes.com/m/der_kreis,https://resizing.flixster.com/p2HCwtJYvF5hX_Nt4PBjo93gkXM=/206x305/v2/https://flxt.tmsimg.com/assets/p10681238_p_v10_aa.jpg
The Broken Circle Breakdown,2012,83,85,Drama/Music,NR,1h 52m,https://www.rottentomatoes.com/m/the_broken_circle_breakdown,https://resizing.flixster.com/FVhHQvRZCve-EUskst5mJBws5VI=/206x305/v2/https://flxt.tmsimg.com/assets/p9913539_p_v8_aa.jpg
The Circle,2005,NR,62,Drama/Mystery and thriller,NR,1h 43m,https://www.rottentomatoes.com/m/1172069-circle,/assets/pizza-pie/images/poster_default.c8c896e70c3.gif
Mrs. Parker and the Vicious Circle,1994,75,60,Drama/Biography,R,2h 3m,https://www.rottentomatoes.com/m/mrs_parker_and_the_vicious_circle,https://resizing.flixster.com/OkDTesyNWj4DCAorePEGxuUJcfQ=/206x305/v2/https://flxt.tmsimg.com/assets/p15680_p_v8_aa.jpg
Dane Cook: Vicious Circle,2006,NR,88,,NR,,https://www.rottentomatoes.com/m/dane-cook-vicious-circle,/assets/pizza-pie/images/poster_default.c8c896e70c3.gif
Lovers of the Arctic Circle,1998,81,93,Drama,R,1h 47m,https://www.rottentomatoes.com/m/lovers_of_the_arctic_circle,/assets/pizza-pie/images/poster_default.c8c896e70c3.gif
The Circle,2000,94,79,Drama,NR,1h 31m,https://www.rottentomatoes.com/m/the_circle_2001,https://resizing.flixster.com/Cnhp2OHeEvjrT1Pi_Bloem6UpIk=/206x305/v2/https://flxt.tmsimg.com/assets/p27284_p_v10_aa.jpg
Black Circle Boys,1997,NR,61,Drama,R,1h 41m,https://www.rottentomatoes.com/m/black_circle_boys,https://resizing.flixster.com/3fxmAAYmLMIQujQsCwo-b_FKRWI=/206x305/v2/https://flxt.tmsimg.com/assets/p22946_p_v8_aa.jpg
Circle of Iron,1979,38,59,Sports and fitness/Action,R,1h 42m,https://www.rottentomatoes.com/m/circle_of_iron,https://resizing.flixster.com/rM6vOKMHPhL2BBC9XqZOhMIdzz4=/206x305/v2/https://flxt.tmsimg.com/assets/p7885_p_v10_ab.jpg
Circle of Friends,1995,78,73,Drama,PG-13,1h 36m,https://www.rottentomatoes.com/m/circle_of_friends,https://resizing.flixster.com/q-z3i1za86oUiTHaUc69Ku_oxps=/206x305/v2/https://flxt.tmsimg.com/assets/p16563_p_v8_aa.jpg
Bajocero,2021,88,53,Action/Mystery and thriller,NR,1h 46m,https://www.rottentomatoes.com/m/below_zero_2021,https://resizing.flixster.com/g6_LCAbVDnMSGFBaxCa9QdGSG0U=/206x305/v2/https://flxt.tmsimg.com/assets/p18043780_p_v13_aa.jpg
Zero,2018,27,81,Romance,NR,2h 44m,https://www.rottentomatoes.com/m/zero_2018,https://resizing.flixster.com/HnboLmku1rr6nrq51mVqlcPt4Rw=/206x305/v2/https://resizing.flixster.com/k6bxUjY-wIMFmUGV9WG63i048w8=/ems.ZW1zLXByZC1hc3NldHMvbW92aWVzL2RiOWViM2FhLWQ0Y2YtNGVjMi04N2M5LWE1YWVjODk3ZTgzNS53ZWJw
Zero Days,2016,92,75,Documentary,PG-13,1h 56m,https://www.rottentomatoes.com/m/zero_days,https://resizing.flixster.com/u2fdIb1DnX8UXRhDqVx5SK_CRqE=/206x305/v2/https://resizing.flixster.com/FbAGSCgi-6lBOdYTsf5og6C0x-o=/ems.ZW1zLXByZC1hc3NldHMvbW92aWVzLzE4Njg0ZDY2LWVmM2ItNGI0OS05ZTJhLTRmZjkyM2M2ZjllMC53ZWJw
Zeroville,2019,23,38,Comedy,R,1h 36m,https://www.rottentomatoes.com/m/zeroville_2019,https://resizing.flixster.com/soeSoGPbrWbuJiy6PIu4jxEpruk=/206x305/v2/https://resizing.flixster.com/FOQqSQDzLpNZmCNDz-qrbAp4cM8=/ems.ZW1zLXByZC1hc3NldHMvbW92aWVzL2FmYzhjZjA5LTIzZjctNGQ0Ni05NmI2LWZmNGRmMWNiODlmNi53ZWJw
Zero Motivation,2014,88,77,Comedy/Drama,NR,1h 40m,https://www.rottentomatoes.com/m/zero_motivation,/assets/pizza-pie/images/poster_default.c8c896e70c3.gif
The Zero Theorem,2013,48,43,Sci fi/Drama,R,1h 47m,https://www.rottentomatoes.com/m/the_zero_theorem,https://resizing.flixster.com/Da2AVWX0iQ1siBbktl-RoEzxiII=/206x305/v2/https://flxt.tmsimg.com/assets/p10277435_p_v10_aa.jpg
Zero Charisma,2013,77,55,Comedy,NR,1h 28m,https://www.rottentomatoes.com/m/zero_charisma,https://resizing.flixster.com/nEosBiwxupaqbVvjN0KNs65YXBQ=/206x305/v2/https://flxt.tmsimg.com/assets/p10136710_p_v8_aa.jpg
Zero Dark Thirty,2012,91,80,War/Drama,R,2h 37m,https://www.rottentomatoes.com/m/zero_dark_thirty,https://resizing.flixster.com/00iizUwGTKZs0ck-5lXpIw15B00=/206x305/v2/https://flxt.tmsimg.com/assets/p9400738_p_v10_ae.jpg
Fatman,2020,45,84,Comedy/Mystery and thriller,R,1h 40m,https://www.rottentomatoes.com/m/fatman,https://resizing.flixster.com/t14hiOPpNha6BRjzpw0C37ELBR4=/206x305/v2/https://flxt.tmsimg.com/assets/p18816088_p_v13_ag.jpg
Sexy Durga,2017,56,NR,Drama/Horror,NR,1h 25m,https://www.rottentomatoes.com/m/sexy_durga,/assets/pizza-pie/images/poster_default.c8c896e70c3.gif
Chasuke's Journey,2015,67,60,Comedy,NR,1h 45m,https://www.rottentomatoes.com/m/ten_no_chasuke,/assets/pizza-pie/images/poster_default.c8c896e70c3.gif
The Innocent (Der Unschuldige),2018,33,NR,,NR,,https://www.rottentomatoes.com/m/the_innocent_2020,/assets/pizza-pie/images/poster_default.c8c896e70c3.gif
The Innocents,2016,95,86,Drama/History,PG-13,1h 55m,https://www.rottentomatoes.com/m/the_innocents_2016,https://resizing.flixster.com/G5zJkQoKq7Kcoha34yauHFeJFW8=/206x305/v2/https://resizing.flixster.com/XYun2Y4bQ8qLvGPAOm3nOcCGnvw=/ems.ZW1zLXByZC1hc3NldHMvbW92aWVzLzQ5ODFhYTBhLTViMzctNDk5MS1iZWI5LWMxMTA2M2RjMTg2OC53ZWJw
Innocence,2013,19,33,Horror/Mystery and thriller,PG-13,1h 36m,https://www.rottentomatoes.com/m/innocence_2014,https://resizing.flixster.com/hZpe6YA38oWYVFZv0lswy8GWkPg=/206x305/v2/https://flxt.tmsimg.com/assets/p10956632_p_v8_ab.jpg
The Innocents Abroad,1982,NR,NR,Adventure,NR,2h,https://www.rottentomatoes.com/m/the_innocents_abroad_1984,/assets/pizza-pie/images/poster_default.c8c896e70c3.gif
The Innocent Sleep,1995,NR,NR,Mystery and thriller,R,1h 50m,https://www.rottentomatoes.com/m/innocent_sleep,/assets/pizza-pie/images/poster_default.c8c896e70c3.gif
The Innocent,1976,79,82,Romance/Drama,R,2h 5m,https://www.rottentomatoes.com/m/the_innocent_1979,https://resizing.flixster.com/bjzo7nocyrl2mx4Nbrux9Wkmtuw=/206x305/v2/https://resizing.flixster.com/UgPLZpnyBcBAvV-wl3Q-hLCBWng=/ems.ZW1zLXByZC1hc3NldHMvbW92aWVzL2I2Mzc0MTUwLTFmYmEtNGEyNS1iNjRlLWNmNzQyOWM5MDg1NC53ZWJw
The Innocents,1999,NR,NR,Drama,NR,1h 52m,https://www.rottentomatoes.com/m/the-innocents2000,/assets/pizza-pie/images/poster_default.c8c896e70c3.gif
Innocence,2004,71,75,Mystery and thriller,R,1h 55m,https://www.rottentomatoes.com/m/1185734-innocence,https://resizing.flixster.com/MZrw-ka8SSbNPeyd-i4ZSRKCJJk=/206x305/v2/https://flxt.tmsimg.com/assets/p160493_p_v10_aa.jpg
Young and Innocent,1937,100,62,Mystery and thriller,NR,1h 20m,https://www.rottentomatoes.com/m/young_and_innocent,https://resizing.flixster.com/wD4UOzZz6Wq_uHRX0Jt_hRnOdWY=/206x305/v2/https://flxt.tmsimg.com/assets/p4626_p_v10_aa.jpg
The Innocents,1961,95,86,Horror,NR,1h 40m,https://www.rottentomatoes.com/m/1099622-innocents,https://resizing.flixster.com/ln7aCzSw07hmEstR7WhgWtEvKts=/206x305/v2/https://flxt.tmsimg.com/assets/p6707_p_v8_aa.jpg
The Innocent,1993,22,29,Drama,R,1h 47m,https://www.rottentomatoes.com/m/the_innocent_1995,https://resizing.flixster.com/zbaU5iCSkMP5SxYn7UyPx7_icWs=/206x305/v2/https://flxt.tmsimg.com/assets/p15069_p_v10_ac.jpg
An Innocent Man,1989,38,47,Drama/Crime,R,1h 53m,https://www.rottentomatoes.com/m/innocent_man,https://resizing.flixster.com/B8Lu06MXA5hI0mfbT0c97tIBEHQ=/206x305/v2/https://flxt.tmsimg.com/assets/p11922_p_v10_ad.jpg
Presumed Innocent,1990,87,67,Mystery and thriller,R,2h 8m,https://www.rottentomatoes.com/m/presumed_innocent,https://resizing.flixster.com/drieMNDMePqkMzjlleB1i3rCgg4=/206x305/v2/https://flxt.tmsimg.com/assets/p12626_p_v10_av.jpg
Innocent Blood,1992,39,44,Horror,R,1h 52m,https://www.rottentomatoes.com/m/innocent_blood,https://resizing.flixster.com/qv2lVeQpQiaGmqrAhT7wVHwwxu8=/206x305/v2/https://flxt.tmsimg.com/assets/p14262_p_v10_ad.jpg
The Age of Innocence,1993,84,75,Drama,PG,2h 18m,https://www.rottentomatoes.com/m/age_of_innocence,https://resizing.flixster.com/qS-TPB74XW3LwJAeSGg9O9SCItI=/206x305/v2/https://flxt.tmsimg.com/assets/p14992_p_v8_ah.jpg
Innocence,2004,64,80,Sci fi/Anime,PG-13,1h 38m,https://www.rottentomatoes.com/m/ghost_in_the_shell_2_innocence,/assets/pizza-pie/images/poster_default.c8c896e70c3.gif
Innocent Voices,2004,72,93,War/Drama,R,1h 50m,https://www.rottentomatoes.com/m/innocent_voices,/assets/pizza-pie/images/poster_default.c8c896e70c3.gif
Sexy Evil Genius,2013,NR,50,Comedy,R,1h 25m,https://www.rottentomatoes.com/m/sexy_evil_genius_2013,https://resizing.flixster.com/V8Bzb_Kd1yKhKrOi7725fbN6jyY=/206x305/v2/https://flxt.tmsimg.com/assets/p9827298_p_v8_aa.jpg
Sexy Baby,2012,70,66,Documentary,NR,1h 23m,https://www.rottentomatoes.com/m/sexy_baby_2012,https://resizing.flixster.com/E_wDDIzCp1ZY0p9EKTl2CblqIs8=/206x305/v2/https://flxt.tmsimg.com/assets/p9532055_p_v10_aa.jpg
Sexy Soccer,2006,NR,NR,,NR,,https://www.rottentomatoes.com/m/sexy_soccer,/assets/pizza-pie/images/poster_default.c8c896e70c3.gif
Sexy American Idle,2004,NR,36,,NR,,https://www.rottentomatoes.com/m/sexy_american_idle,/assets/pizza-pie/images/poster_default.c8c896e70c3.gif
"Sexykiller, morirás por ella",2008,NR,41,,NR,,https://www.rottentomatoes.com/m/sexykiller-moriras-por-ella,/assets/pizza-pie/images/poster_default.c8c896e70c3.gif
Sexy Boys,2001,NR,14,Comedy,PG-13,1h 30m,https://www.rottentomatoes.com/m/sexy-boys,https://resizing.flixster.com/BQ6QOGs6nEeusdgUQDkGcF0fXSA=/206x305/v2/https://flxt.tmsimg.com/assets/p81576_p_v10_aa.jpg
Sexy Beast,2000,87,85,Comedy/Drama,R,1h 28m,https://www.rottentomatoes.com/m/sexy_beast,https://resizing.flixster.com/kjqhLolfPAz6z3EE5HAsvOziggE=/206x305/v2/https://flxt.tmsimg.com/assets/p29718_p_v8_ab.jpg
Fatma,2002,NR,NR,,NR,,https://www.rottentomatoes.com/m/fatma_2002,/assets/pizza-pie/images/poster_default.c8c896e70c3.gif
Zero Bridge,2008,77,44,Drama,NR,1h 36m,https://www.rottentomatoes.com/m/zero-bridge,/assets/pizza-pie/images/poster_default.c8c896e70c3.gif
Zero: An Investigation Into 9/11,2008,NR,65,Documentary,NR,,https://www.rottentomatoes.com/m/zero-an-investigation-into-911,/assets/pizza-pie/images/poster_default.c8c896e70c3.gif
Zero Hour,1957,NR,43,Mystery and thriller,NR,1h 21m,https://www.rottentomatoes.com/m/zero_hour,https://resizing.flixster.com/wc0tA0UmeSzjauI5Y-3zL6dWSKk=/206x305/v2/https://flxt.tmsimg.com/assets/p16018_p_v8_aa.jpg
Zerophilia,2005,25,61,Comedy,NR,1h 30m,https://www.rottentomatoes.com/m/zerophilia,https://resizing.flixster.com/nmcnSBDBLinWFEf3iE-FefEpMY4=/206x305/v2/https://flxt.tmsimg.com/assets/p159500_p_v13_aa.jpg
Zero for Conduct,1933,93,79,Comedy,NR,47m,https://www.rottentomatoes.com/m/zero-de-conduite-1932,/assets/pizza-pie/images/poster_default.c8c896e70c3.gif
Zero Degrees Kelvin,1995,NR,85,Drama,NR,1h 53m,https://www.rottentomatoes.com/m/zero_kelvin_1995,/assets/pizza-pie/images/poster_default.c8c896e70c3.gif
Zero Patience,1993,50,48,Musical,NR,1h 40m,https://www.rottentomatoes.com/m/zero_patience,/assets/pizza-pie/images/poster_default.c8c896e70c3.gif
Zero Day,2003,68,78,Drama,NR,1h 32m,https://www.rottentomatoes.com/m/zero_day,/assets/pizza-pie/images/poster_default.c8c896e70c3.gif
Zero Effect,1998,65,76,Comedy/Drama,R,1h 55m,https://www.rottentomatoes.com/m/zero_effect,https://resizing.flixster.com/J233ihNWxpktj8ohs4U9RuoYhb8=/206x305/v2/https://flxt.tmsimg.com/assets/p20478_p_v10_aa.jpg
Cube Zero,2004,NR,42,Horror,R,1h 37m,https://www.rottentomatoes.com/m/1139738-cube_zero,https://resizing.flixster.com/ZX0De3epIEs424kYvOpXeVk1xvQ=/206x305/v2/https://flxt.tmsimg.com/assets/p35878_p_v10_ae.jpg
